student_id,age,gender,study_hours,attendance_pct,previous_marks,assignment_score,internal_assessment,midterm_marks,sleep_hours,final_score
STU0001,20,Female,5.0,70.1,52.3,50.9,95.2,42.7,5.3,55.8
STU0002,21,Female,6.3,57.9,88.0,91.3,45.6,36.1,6.5,61.3
STU0003,19,Female,9.5,94.1,83.4,78.8,97.3,76.4,6.6,76.5
STU0004,21,Female,3.3,91.2,81.1,62.9,76.7,53.1,5.0,61.6
STU0005,21,Male,4.2,86.1,70.9,55.5,40.1,72.6,7.0,48.3
STU0006,18,Female,4.4,63.6,53.5,75.6,93.6,44.0,8.0,60.4
STU0007,19,Male,6.4,70.1,63.3,77.1,71.3,63.1,8.3,57.4
STU0008,19,Female,4.2,55.1,83.6,56.4,55.8,65.3,8.5,57.9
STU0009,19,Male,5.8,59.5,41.7,91.8,86.0,70.1,7.0,66.9
STU0010,21,Female,8.0,89.2,83.0,49.6,95.6,65.8,7.5,64.4
STU0011,20,Male,7.3,85.8,53.2,64.6,69.0,64.7,5.3,56.9
STU0012,19,Female,5.0,79.7,47.9,82.4,58.9,55.0,7.0,55.1
STU0013,22,Male,8.8,94.8,46.4,60.1,87.3,39.3,5.6,53.9
STU0014,21,Female,6.0,79.2,41.5,90.5,80.9,40.4,6.5,56.2
STU0015,18,Male,5.9,73.3,68.8,85.7,93.3,61.0,6.3,71.7
STU0016,20,Female,1.3,67.0,52.0,88.4,81.6,56.3,6.7,63.9
STU0017,22,Male,9.9,97.0,94.4,51.6,54.6,66.0,7.3,62.3
STU0018,22,Male,2.1,54.1,71.6,52.7,95.9,53.3,8.6,62.1
STU0019,18,Female,3.1,96.5,47.6,60.8,46.3,76.3,6.6,54.0
STU0020,20,Female,1.5,91.3,77.9,73.5,56.1,86.8,8.9,61.9
STU0021,21,Male,6.8,56.5,89.4,86.1,71.2,52.9,8.0,71.0
STU0022,17,Female,3.0,78.2,81.0,91.0,73.9,46.6,7.0,68.0
STU0023,20,Male,2.6,93.3,44.2,83.7,40.9,42.0,7.6,47.4
STU0024,18,Male,1.8,78.6,89.3,96.1,86.8,72.0,5.4,77.9
STU0025,22,Male,1.9,95.4,83.7,85.6,61.7,61.6,8.4,60.4
STU0026,21,Female,6.3,97.1,48.7,61.8,64.4,46.3,7.3,55.0
STU0027,20,Male,7.2,71.1,42.8,59.6,88.6,74.2,8.9,63.2
STU0028,17,Male,4.6,68.9,70.7,83.3,62.8,43.9,7.5,56.6
STU0029,17,Female,5.3,96.8,48.6,55.6,42.8,68.3,8.3,50.7
STU0030,19,Female,7.2,83.8,85.9,50.1,50.6,66.6,8.2,59.1
STU0031,19,Female,1.2,55.8,59.7,74.3,97.4,79.1,6.4,68.4
STU0032,18,Female,3.9,52.1,90.2,90.2,44.2,38.3,6.0,63.5
STU0033,20,Male,9.8,78.2,71.1,50.6,61.3,88.3,6.7,61.1
STU0034,20,Male,6.2,96.5,50.0,88.6,70.2,77.2,6.9,68.2
STU0035,22,Male,3.3,92.2,47.7,89.6,69.6,48.0,6.0,58.9
STU0036,22,Male,5.7,83.8,71.7,71.5,40.2,46.0,8.6,55.2
STU0037,22,Female,4.1,57.0,81.9,48.2,70.1,60.9,7.2,62.2
STU0038,19,Male,5.8,62.7,83.0,54.6,63.0,84.1,8.9,66.7
STU0039,20,Male,2.1,93.8,55.2,83.9,98.3,85.6,8.2,73.2
STU0040,20,Female,2.2,59.1,51.2,84.1,49.5,66.2,7.2,53.4
STU0041,17,Male,2.3,63.9,40.9,94.4,61.2,86.6,8.8,62.3
STU0042,19,Male,9.5,56.5,77.4,77.0,65.2,35.3,7.0,62.3
STU0043,21,Male,7.6,83.8,44.2,51.8,63.4,37.1,8.5,48.0
STU0044,19,Male,2.5,97.2,63.1,51.7,79.9,89.7,6.4,65.9
STU0045,21,Male,2.7,63.4,73.1,84.7,52.9,81.5,6.5,58.9
STU0046,17,Male,7.6,73.8,91.5,55.1,53.3,62.0,6.7,60.1
STU0047,18,Female,2.4,81.7,57.1,63.1,83.8,80.2,7.2,63.3
STU0048,20,Female,3.1,100.0,53.7,71.8,70.0,92.3,7.2,60.9
STU0049,17,Male,9.7,55.2,76.0,46.4,64.9,81.3,7.0,64.9
STU0050,20,Male,3.3,74.9,74.1,58.7,50.2,85.5,6.2,54.3
STU0051,22,Female,7.0,69.3,58.3,67.4,51.3,80.6,8.7,60.6
STU0052,18,Male,9.8,93.3,91.0,60.4,40.6,45.1,7.4,59.5
STU0053,18,Male,4.4,73.8,86.5,52.5,45.5,85.0,6.6,60.5
STU0054,17,Male,1.2,55.5,52.3,85.0,73.4,46.7,7.6,57.7
STU0055,18,Female,3.2,81.7,53.2,89.7,93.5,88.6,8.1,75.7
STU0056,21,Male,8.5,88.5,68.2,59.2,57.2,62.5,8.8,54.7
STU0057,18,Female,8.8,50.1,82.5,87.6,59.7,75.6,7.0,71.5
STU0058,20,Male,7.9,92.9,42.4,66.2,46.9,64.8,5.4,47.0
STU0059,20,Female,2.0,59.3,78.1,72.9,63.3,40.6,6.8,54.7
STU0060,20,Female,8.2,77.6,75.7,92.1,42.2,52.4,6.9,60.5
STU0061,20,Male,9.3,70.8,52.7,86.2,95.1,94.0,8.6,74.3
STU0062,21,Female,6.4,86.0,77.5,89.3,80.4,92.6,6.6,71.7
STU0063,19,Male,9.5,68.6,91.7,52.5,99.4,54.2,8.8,74.8
STU0064,22,Female,8.4,93.5,42.6,48.8,93.0,94.8,6.9,62.6
STU0065,17,Male,7.0,86.5,57.6,94.1,68.4,85.7,8.9,70.0
STU0066,20,Male,6.2,82.4,64.1,66.3,71.2,71.7,5.0,67.2
STU0067,18,Female,4.1,89.8,89.5,60.8,51.4,37.4,8.6,56.2
STU0068,20,Male,2.4,87.7,92.9,84.9,67.7,89.1,8.7,79.1
STU0069,18,Male,6.4,51.8,64.4,91.0,94.2,68.4,8.8,69.9
STU0070,22,Female,3.9,69.7,81.3,92.4,43.1,87.1,5.1,71.8
STU0071,22,Male,8.8,96.5,69.2,62.4,91.8,85.1,5.7,68.6
STU0072,22,Male,9.9,56.3,69.6,91.9,60.5,85.0,7.6,67.7
STU0073,18,Female,7.8,86.9,55.3,47.3,94.0,76.9,5.1,59.0
STU0074,20,Female,1.8,98.7,51.9,47.7,96.5,52.5,5.3,58.2
STU0075,22,Male,3.6,52.6,55.8,79.3,80.3,55.2,5.9,63.4
STU0076,21,Male,2.0,84.1,70.6,48.5,79.9,53.5,7.0,60.6
STU0077,18,Female,6.9,73.4,41.6,62.9,67.2,36.2,7.2,43.8
STU0078,18,Female,7.9,79.0,89.9,82.0,90.1,70.0,5.1,77.7
STU0079,20,Male,9.3,54.3,48.6,63.5,97.7,76.9,5.7,67.3
STU0080,18,Female,4.9,52.2,52.1,54.9,86.5,86.2,7.0,65.4
STU0081,18,Male,9.1,83.3,68.5,60.5,77.3,43.4,7.4,56.3
STU0082,22,Male,8.9,91.2,79.1,70.2,76.4,67.7,5.6,60.3
STU0083,20,Male,3.9,89.1,45.3,71.1,91.0,35.5,6.6,58.1
STU0084,22,Male,8.8,77.2,57.5,88.1,72.5,40.7,8.6,59.1
STU0085,22,Male,4.4,55.0,93.3,86.3,88.2,38.3,9.0,71.8
STU0086,20,Female,3.7,84.4,54.4,70.1,70.5,78.5,8.9,61.2
STU0087,17,Female,6.8,62.1,57.2,91.5,43.7,39.9,8.5,53.2
STU0088,22,Female,4.0,95.6,86.0,51.3,63.0,78.0,6.6,65.9
STU0089,21,Female,6.7,91.9,42.8,59.0,66.7,50.0,7.7,44.6
STU0090,21,Male,6.5,85.5,65.6,90.5,48.5,87.7,6.7,68.6
STU0091,18,Male,6.1,97.4,60.9,65.8,46.1,83.8,7.6,57.0
STU0092,21,Male,4.4,51.6,57.4,99.0,72.1,92.5,6.2,76.2
STU0093,18,Male,5.9,86.8,55.7,70.6,45.1,88.0,7.4,56.4
STU0094,17,Female,6.4,66.5,45.0,88.6,58.2,91.0,7.1,60.6
STU0095,20,Male,5.9,95.3,57.3,67.1,84.7,86.5,5.1,66.7
STU0096,20,Male,5.0,63.3,42.4,68.4,97.9,76.6,8.2,66.3
STU0097,20,Female,1.1,86.2,83.0,66.1,83.1,45.2,5.0,63.1
STU0098,21,Female,6.3,93.9,61.9,84.5,99.6,51.3,6.2,70.2
STU0099,17,Female,2.5,52.1,64.4,75.1,81.9,47.8,5.0,60.4
STU0100,21,Female,6.8,69.9,89.1,96.9,57.6,71.2,6.5,71.4
STU0101,21,Male,7.8,88.1,76.2,58.8,80.3,65.2,5.3,71.8
STU0102,17,Male,5.5,72.7,40.4,50.5,82.1,87.0,8.7,60.0
STU0103,17,Female,5.9,63.4,91.9,66.6,62.3,92.2,6.7,72.5
STU0104,17,Male,9.6,61.0,53.0,78.9,41.1,59.3,6.8,48.2
STU0105,17,Male,8.6,56.6,45.9,92.3,82.2,65.4,6.4,68.9
STU0106,20,Male,9.2,92.9,82.2,64.0,41.3,93.3,7.5,66.9
STU0107,19,Female,8.3,78.8,67.5,81.0,77.9,51.6,8.1,62.0
STU0108,19,Male,2.0,53.8,63.9,64.3,49.8,82.5,7.6,61.2
STU0109,17,Female,2.3,69.1,53.7,78.9,73.9,48.5,8.0,58.7
STU0110,19,Male,5.7,68.4,70.1,93.7,70.2,75.9,8.6,70.0
STU0111,19,Male,3.2,59.1,55.1,57.7,40.8,50.2,8.5,49.9
STU0112,17,Male,5.3,71.8,89.6,67.2,61.8,88.0,7.7,68.1
STU0113,19,Female,4.5,66.6,51.8,99.6,76.1,68.7,5.9,64.1
STU0114,21,Male,5.9,67.1,88.6,92.8,90.9,46.2,7.6,74.2
STU0115,18,Female,7.7,87.0,70.8,76.1,93.3,48.5,7.0,68.7
STU0116,18,Female,7.4,61.2,85.6,73.4,69.0,64.6,7.9,70.3
STU0117,17,Female,5.7,82.1,79.2,60.7,83.7,92.7,8.3,71.8
STU0118,20,Male,8.4,78.5,78.3,73.4,59.0,81.2,8.0,64.0
STU0119,17,Male,4.9,78.4,57.8,91.6,60.5,64.3,8.4,69.1
STU0120,20,Male,9.1,83.2,52.9,82.7,51.7,55.3,5.3,51.9
STU0121,18,Male,1.6,77.4,51.6,61.0,73.7,68.0,5.1,57.5
STU0122,17,Female,9.6,94.0,87.1,56.1,58.9,79.9,6.0,67.5
STU0123,22,Female,6.9,83.8,85.1,59.6,45.1,82.0,8.6,65.4
STU0124,21,Female,4.4,77.3,64.2,54.3,81.1,54.5,8.3,57.0
STU0125,19,Male,2.8,91.5,47.3,50.3,82.5,78.3,7.7,53.0
STU0126,20,Female,5.3,80.3,61.0,68.1,61.6,74.5,7.8,58.2
STU0127,22,Male,2.8,64.6,74.1,51.2,44.6,92.5,7.9,61.4
STU0128,19,Female,2.5,60.4,65.0,54.5,65.6,90.9,8.8,64.0
STU0129,19,Male,6.6,57.6,82.9,75.1,66.5,82.4,8.3,71.9
STU0130,17,Male,5.7,95.0,94.9,54.1,80.1,78.4,7.5,73.2
STU0131,19,Female,7.0,85.5,50.5,48.5,58.9,51.4,7.7,52.4
STU0132,21,Female,9.4,96.9,65.3,62.5,81.0,85.8,5.9,65.3
STU0133,22,Female,5.8,80.2,63.7,57.1,92.3,60.7,7.6,59.8
STU0134,19,Female,6.2,73.7,56.7,73.3,54.2,51.3,6.7,54.7
STU0135,17,Male,1.8,53.0,50.9,50.6,98.7,58.0,5.6,56.2
STU0136,21,Female,7.5,83.6,43.6,86.3,63.2,85.2,8.2,58.3
STU0137,18,Female,4.6,79.1,88.8,94.8,56.0,43.9,7.0,68.3
STU0138,22,Female,9.8,99.5,63.1,85.9,65.3,62.4,8.9,64.0
STU0139,19,Male,8.4,62.0,67.3,74.3,45.7,64.5,6.1,57.4
STU0140,17,Male,5.7,76.5,90.4,92.3,47.5,37.2,6.9,61.4
STU0141,18,Female,2.1,82.5,82.7,83.2,64.9,46.7,6.8,62.9
STU0142,18,Male,8.7,82.2,47.2,45.6,85.7,84.6,5.5,64.2
STU0143,20,Female,8.2,78.1,71.1,66.7,94.0,84.8,6.7,68.3
STU0144,21,Male,2.7,88.8,64.3,91.8,79.9,52.5,6.2,60.6
STU0145,19,Male,3.7,60.2,83.8,64.0,46.3,87.5,5.6,60.6
STU0146,17,Male,8.1,86.3,79.8,46.9,80.3,81.3,6.1,67.7
STU0147,20,Male,2.7,81.0,78.0,86.0,78.1,60.1,5.9,74.1
STU0148,21,Female,9.3,94.8,58.7,89.1,88.3,79.9,7.9,74.6
STU0149,20,Female,4.8,92.4,84.3,53.8,89.5,92.7,5.1,75.2
STU0150,22,Female,1.8,65.8,42.9,74.6,92.1,62.5,7.5,61.2
STU0151,21,Male,8.3,63.8,48.8,55.6,64.8,49.3,8.0,46.6
STU0152,21,Female,4.4,99.1,58.5,84.6,81.9,91.5,6.9,72.5
STU0153,19,Female,5.7,76.4,44.2,59.9,56.1,71.2,8.7,58.2
STU0154,21,Female,2.0,95.3,52.9,62.4,100.0,41.3,7.8,58.5
STU0155,20,Male,1.0,58.2,85.7,91.5,50.5,69.4,8.0,64.7
STU0156,21,Male,6.7,82.1,92.2,71.2,40.6,65.0,5.8,60.7
STU0157,19,Male,5.6,90.5,56.8,81.8,48.9,86.3,8.1,62.7
STU0158,19,Female,6.3,97.4,54.5,67.1,86.6,66.8,8.3,63.3
STU0159,22,Female,8.1,66.9,55.4,61.4,66.8,50.3,6.4,56.8
STU0160,20,Female,6.8,86.2,55.3,79.4,66.9,75.5,5.9,62.4
STU0161,18,Male,2.6,76.9,42.0,53.5,97.3,67.6,6.5,58.7
STU0162,18,Male,4.2,53.0,91.0,65.5,95.2,49.0,8.0,70.8
STU0163,21,Female,9.2,84.5,51.8,56.5,58.7,69.4,6.7,52.6
STU0164,22,Male,7.9,84.5,63.1,83.3,52.5,84.3,7.9,68.8
STU0165,17,Male,6.0,96.5,40.5,96.9,90.9,36.7,5.5,62.9
STU0166,21,Male,3.3,74.9,87.2,99.8,94.4,72.9,8.2,77.1
STU0167,22,Male,3.7,61.5,80.2,69.8,72.5,56.0,6.0,61.7
STU0168,20,Female,7.6,52.2,92.1,58.9,77.8,52.6,6.0,67.6
STU0169,20,Male,8.7,70.8,83.0,69.4,55.4,58.6,7.4,62.1
STU0170,20,Male,7.0,65.1,57.3,91.6,88.0,55.5,5.3,67.7
STU0171,20,Male,8.3,88.1,53.6,56.3,77.9,84.9,5.1,61.8
STU0172,20,Male,7.9,67.7,78.4,97.4,70.2,51.5,6.0,69.5
STU0173,22,Female,2.3,97.5,60.0,63.8,43.6,79.0,7.2,54.3
STU0174,22,Female,4.8,98.1,71.1,99.2,95.0,40.6,8.6,71.9
STU0175,19,Male,2.4,81.0,40.3,91.1,76.9,92.1,8.4,68.6
STU0176,18,Male,3.1,96.4,43.4,89.5,51.6,72.3,7.0,61.4
STU0177,20,Male,8.8,88.0,69.4,62.5,76.4,77.4,5.1,64.2
STU0178,17,Male,5.3,77.3,71.1,45.5,80.6,52.9,7.1,58.4
STU0179,22,Male,5.8,59.0,81.3,66.0,71.5,59.7,7.8,60.6
STU0180,17,Male,2.6,72.9,47.3,61.6,83.1,48.4,6.4,60.5
STU0181,17,Female,3.8,78.0,68.2,47.1,74.9,91.0,5.4,58.0
STU0182,17,Male,3.1,93.2,50.7,72.8,96.9,64.3,6.1,69.8
STU0183,19,Female,2.9,74.1,45.1,67.2,43.2,72.8,8.1,50.8
STU0184,22,Female,6.7,94.9,62.6,79.9,46.4,79.1,6.4,61.3
STU0185,17,Male,3.3,83.7,49.0,79.2,50.4,57.3,8.2,52.1
STU0186,20,Female,6.7,56.8,52.2,51.6,81.4,78.2,6.3,60.5
STU0187,21,Female,1.5,99.7,57.5,98.7,78.7,75.6,5.7,70.9
STU0188,17,Female,2.3,76.4,54.3,55.3,93.5,77.3,6.7,58.9
STU0189,19,Female,3.5,69.6,44.8,69.5,84.0,64.4,6.8,57.5
STU0190,22,Female,6.4,83.0,44.9,71.8,70.5,58.0,5.1,53.2
STU0191,19,Female,7.1,55.4,50.6,89.7,99.5,48.3,5.5,67.5
STU0192,17,Male,5.0,81.8,42.8,50.5,56.0,84.5,5.7,52.5
STU0193,22,Female,5.0,74.9,74.5,68.6,90.0,71.5,5.5,71.7
STU0194,21,Female,7.5,70.3,55.8,79.6,65.6,61.7,6.4,60.2
STU0195,17,Female,1.1,97.7,55.4,56.8,78.9,91.6,8.9,66.6
STU0196,19,Male,4.1,76.1,58.3,79.5,83.6,37.9,7.0,57.3
STU0197,18,Female,8.4,61.0,76.5,95.8,78.0,86.0,7.5,76.4
STU0198,20,Male,6.4,72.9,87.9,99.9,48.4,94.9,6.4,77.3
STU0199,19,Female,4.0,96.0,81.7,46.8,66.6,88.2,6.3,67.4
STU0200,22,Male,9.1,58.8,80.0,58.0,73.7,83.6,5.1,63.7
STU0201,17,Male,8.0,60.7,66.6,62.1,90.9,57.5,7.0,61.4
STU0202,20,Female,3.4,50.7,78.2,67.0,66.6,48.9,6.9,59.6
STU0203,17,Female,6.8,50.7,70.4,58.3,95.1,79.1,5.6,69.2
STU0204,22,Male,6.4,91.5,51.9,56.2,66.4,53.3,8.1,52.2
STU0205,17,Female,4.6,86.6,51.5,97.5,72.9,45.6,7.0,62.8
STU0206,18,Male,4.3,67.8,56.3,95.5,87.8,82.2,6.4,73.1
STU0207,20,Male,4.1,84.9,90.1,47.6,75.0,53.8,5.6,63.2
STU0208,20,Male,6.6,69.8,70.1,63.6,97.6,89.9,7.2,75.6
STU0209,22,Male,5.0,97.6,80.4,67.3,79.6,85.4,8.0,74.5
STU0210,18,Male,8.5,98.4,59.1,58.1,71.4,85.9,6.1,53.5
STU0211,19,Female,7.0,69.6,62.4,79.6,41.4,81.3,5.9,58.0
STU0212,17,Male,1.6,92.7,46.9,80.2,64.8,87.9,7.1,59.1
STU0213,21,Male,6.8,88.7,49.4,91.8,58.0,83.3,5.6,64.3
STU0214,17,Female,3.4,65.5,85.5,85.7,84.9,71.2,7.7,73.1
STU0215,17,Male,6.3,61.6,72.2,74.8,52.5,52.7,7.4,57.8
STU0216,19,Female,7.1,72.9,58.6,80.9,52.3,88.3,5.3,65.2
STU0217,17,Female,3.1,89.1,84.2,60.1,51.4,85.4,5.1,61.7
STU0218,18,Female,5.1,98.0,53.6,77.6,47.5,63.4,7.5,55.3
STU0219,18,Male,2.7,88.2,93.7,71.9,58.7,37.3,6.2,65.0
STU0220,20,Male,1.5,92.8,59.0,52.3,93.2,73.3,5.3,65.9
STU0221,22,Male,4.4,80.2,58.6,58.3,86.5,38.0,8.0,51.4
STU0222,21,Female,4.3,91.8,57.2,61.0,84.1,90.6,6.3,65.4
STU0223,17,Male,10.0,89.2,46.7,95.8,87.8,92.7,6.8,73.9
STU0224,17,Female,5.0,68.8,46.1,57.7,56.2,46.4,5.9,48.8
STU0225,19,Male,4.0,77.6,75.6,60.9,93.2,75.6,7.5,69.3
STU0226,22,Female,6.2,90.2,88.1,65.3,48.2,40.5,6.2,54.2
STU0227,18,Male,1.8,52.3,83.5,81.5,60.2,78.8,8.9,68.5
STU0228,21,Male,9.7,90.4,47.8,51.5,75.2,55.8,7.8,50.4
STU0229,20,Male,6.7,58.9,70.0,97.5,46.2,75.9,5.5,68.0
STU0230,18,Female,7.8,75.7,45.8,92.6,83.8,57.4,6.7,69.2
STU0231,22,Female,2.5,90.4,42.5,76.7,63.2,43.7,6.5,52.1
STU0232,20,Male,4.7,62.7,76.1,82.1,87.1,59.4,7.1,69.1
STU0233,19,Male,4.8,62.3,69.4,45.9,69.6,41.8,8.4,55.8
STU0234,19,Female,8.4,70.1,44.5,63.6,50.9,69.6,7.3,54.1
STU0235,17,Female,1.0,94.7,41.9,88.8,84.1,37.5,5.2,56.1
STU0236,22,Female,3.7,50.0,94.4,49.3,55.1,66.6,7.6,61.0
STU0237,21,Male,9.8,95.1,41.7,60.5,69.4,88.2,5.0,57.2
STU0238,20,Female,5.3,57.7,64.4,77.2,44.5,85.3,8.1,61.0
STU0239,18,Male,4.4,99.5,67.8,59.1,77.1,88.0,7.7,67.2
STU0240,22,Female,2.1,97.7,46.5,96.4,80.0,90.3,6.2,66.9
STU0241,22,Male,9.8,74.7,49.3,52.2,62.7,41.3,6.2,44.9
STU0242,19,Female,1.2,75.6,59.3,88.9,97.3,42.7,8.2,61.7
STU0243,17,Female,7.6,74.1,81.9,72.9,92.5,68.4,8.1,74.2
STU0244,17,Female,7.9,81.8,67.9,86.3,82.5,88.6,6.4,73.7
STU0245,20,Female,3.2,54.5,75.1,62.1,82.8,93.5,6.2,70.8
STU0246,19,Female,7.0,51.6,94.2,73.3,55.1,37.8,7.2,62.0
STU0247,22,Male,1.8,52.9,82.2,92.1,79.4,56.3,5.0,67.6
STU0248,21,Female,3.3,72.2,63.9,70.7,51.9,47.8,5.3,49.9
STU0249,19,Female,8.1,63.8,64.6,64.8,48.6,80.4,5.5,59.3
STU0250,20,Female,8.8,81.1,74.0,74.5,100.0,73.4,5.7,69.2
STU0251,20,Male,6.5,99.6,76.6,84.5,77.3,42.2,7.0,64.0
STU0252,19,Female,5.6,69.3,67.5,69.4,65.9,64.0,9.0,68.3
STU0253,20,Male,2.4,78.7,75.5,96.6,57.3,76.1,7.6,64.1
STU0254,19,Female,1.6,70.8,41.3,61.2,76.2,81.7,5.2,56.9
STU0255,18,Female,2.1,92.4,63.6,71.2,43.0,36.2,7.1,42.1
STU0256,19,Male,3.0,95.1,55.3,86.6,45.7,88.4,7.0,60.0
STU0257,19,Female,4.1,93.9,47.1,82.9,42.0,69.2,5.6,59.2
STU0258,20,Male,4.4,98.7,45.5,92.5,70.0,83.7,8.7,66.2
STU0259,20,Male,4.1,51.4,73.2,99.8,76.0,83.5,6.8,72.7
STU0260,17,Female,3.2,92.0,68.8,68.5,43.7,46.4,9.0,58.1
STU0261,17,Male,5.6,87.6,53.9,51.1,83.3,41.6,6.7,48.5
STU0262,18,Female,8.4,61.4,65.9,46.7,53.8,78.3,7.4,57.5
STU0263,17,Female,3.5,97.8,67.1,85.0,81.1,44.4,5.4,63.6
STU0264,19,Male,9.5,57.4,50.7,93.1,98.9,86.0,6.8,73.9
STU0265,20,Male,8.9,84.0,75.9,57.1,81.5,78.6,6.0,70.2
STU0266,17,Male,2.5,61.2,83.0,53.7,93.0,85.5,8.3,68.7
STU0267,17,Male,8.1,71.6,83.5,48.4,96.9,52.9,8.1,67.5
STU0268,18,Female,6.2,86.0,73.1,90.2,69.2,54.0,8.3,65.9
STU0269,22,Female,6.1,78.2,68.1,62.1,82.1,75.3,7.9,63.3
STU0270,18,Male,4.5,71.4,43.4,67.1,91.1,36.9,8.3,60.9
STU0271,19,Female,5.5,66.3,55.8,72.7,61.4,78.6,5.8,59.8
STU0272,20,Female,4.6,92.0,45.1,91.2,55.7,85.1,6.8,60.7
STU0273,18,Female,5.9,57.2,93.0,80.8,96.8,59.9,7.8,73.4
STU0274,17,Female,6.7,71.5,47.4,78.8,83.6,80.9,7.5,65.2
STU0275,20,Male,7.1,95.2,48.3,54.7,53.2,45.5,7.9,53.5
STU0276,20,Male,5.8,92.3,88.9,73.2,66.9,54.3,5.9,64.6
STU0277,17,Female,7.5,70.0,91.9,84.3,87.8,93.5,5.4,83.2
STU0278,18,Male,2.3,88.2,82.1,98.5,72.8,94.2,8.7,80.5
STU0279,17,Male,2.9,91.2,40.3,56.1,79.0,65.8,7.2,54.1
STU0280,22,Male,8.4,94.4,40.1,45.5,85.2,91.1,5.6,58.7
STU0281,20,Female,3.9,77.2,60.8,49.1,77.3,66.4,8.2,59.6
STU0282,21,Female,1.2,60.2,47.9,65.7,72.4,52.5,8.7,53.2
STU0283,21,Female,2.4,62.8,41.0,90.1,85.0,51.0,5.7,59.1
STU0284,19,Male,3.0,64.8,65.5,45.4,83.7,90.8,8.3,67.8
STU0285,17,Female,9.6,79.7,91.9,70.1,77.8,45.3,8.7,66.7
STU0286,17,Female,6.2,51.6,57.8,63.1,61.6,69.8,8.8,61.0
STU0287,19,Male,9.4,81.8,76.4,47.9,64.3,68.3,8.7,59.5
STU0288,19,Female,6.2,68.2,75.9,69.8,98.2,79.4,7.2,70.3
STU0289,19,Female,5.3,64.8,53.8,59.0,46.7,65.0,6.4,40.4
STU0290,20,Male,3.8,94.0,75.8,64.4,56.1,51.3,5.0,51.2
STU0291,22,Male,6.5,73.0,51.7,83.8,69.5,45.2,5.2,52.1
STU0292,17,Male,2.3,54.8,46.7,73.7,90.2,72.2,6.7,64.5
STU0293,20,Female,9.1,91.3,78.6,51.9,49.8,78.1,6.6,56.6
STU0294,19,Female,8.5,52.4,46.2,97.9,56.6,69.2,5.7,54.5
STU0295,17,Female,3.9,86.3,94.8,80.0,43.9,79.3,6.6,66.7
STU0296,20,Male,9.6,88.7,50.1,87.1,82.4,43.5,5.7,57.4
STU0297,22,Male,8.4,67.6,72.7,49.4,54.3,87.9,8.4,61.9
STU0298,20,Female,7.0,91.2,62.6,47.6,63.3,69.9,6.2,57.3
STU0299,22,Female,2.1,75.8,47.0,46.1,66.6,42.6,7.4,48.1
STU0300,19,Male,5.3,73.2,41.5,55.4,93.5,62.7,7.0,50.5
STU0301,22,Male,5.6,52.3,74.3,67.8,64.7,85.7,5.2,66.4
STU0302,17,Male,3.1,64.5,84.4,96.5,48.7,88.9,8.8,70.5
STU0303,19,Male,1.7,96.6,86.3,70.1,71.5,50.9,7.1,60.2
STU0304,17,Female,8.0,69.6,66.5,61.0,97.8,77.7,6.3,63.6
STU0305,21,Male,2.1,77.3,82.8,75.9,76.5,41.0,5.6,63.2
STU0306,18,Female,6.3,76.6,77.0,51.2,99.0,37.0,6.4,65.8
STU0307,22,Female,9.4,79.5,79.8,78.5,90.5,68.6,5.1,65.7
STU0308,18,Female,8.9,53.1,67.1,76.3,42.2,76.7,6.5,56.8
STU0309,18,Male,3.5,68.1,74.8,88.6,79.5,82.7,7.1,73.8
STU0310,22,Male,8.7,86.2,84.3,99.3,57.2,55.4,8.5,71.0
STU0311,19,Male,1.0,60.0,61.9,58.8,73.6,35.4,7.7,51.9
STU0312,21,Male,1.2,60.2,84.3,73.0,56.8,63.8,5.4,68.6
STU0313,17,Female,6.4,50.5,72.6,95.0,60.9,36.0,5.6,55.1
STU0314,20,Male,4.3,71.9,49.1,88.2,95.4,40.5,6.7,56.5
STU0315,17,Male,4.5,94.1,41.4,71.8,52.4,54.6,5.8,52.5
STU0316,20,Female,6.1,52.6,60.0,97.0,92.4,61.2,5.1,63.6
STU0317,17,Male,2.7,59.6,70.1,48.1,41.8,51.8,8.2,49.7
STU0318,22,Female,2.9,65.5,86.2,96.2,45.5,69.9,5.1,65.7
STU0319,21,Female,5.4,86.6,47.0,47.8,91.3,38.3,8.3,49.9
STU0320,20,Female,7.8,82.0,84.0,75.1,77.8,43.7,5.6,64.1
STU0321,19,Female,6.6,70.8,87.5,94.0,84.8,76.7,8.9,74.3
STU0322,17,Female,3.7,88.0,48.3,59.4,52.6,43.5,7.4,45.4
STU0323,17,Female,4.9,80.5,86.8,71.0,72.2,73.4,7.9,69.4
STU0324,20,Female,2.5,94.8,94.5,62.8,84.2,38.3,5.4,64.0
STU0325,19,Female,1.7,90.9,80.0,97.4,77.6,59.4,8.4,69.3
STU0326,19,Male,8.0,62.6,83.2,90.3,68.3,45.6,8.4,67.0
STU0327,22,Male,3.4,63.6,94.7,84.0,97.6,41.6,7.6,78.7
STU0328,22,Male,2.6,56.3,73.3,77.3,80.6,69.0,7.0,67.3
STU0329,22,Male,7.2,66.8,56.9,90.1,94.5,90.7,7.9,77.5
STU0330,22,Female,6.6,100.0,86.1,66.6,83.8,38.3,5.0,61.5
STU0331,22,Male,6.7,70.3,73.8,69.6,84.1,60.3,7.4,62.5
STU0332,22,Female,3.1,61.0,72.0,85.2,44.8,77.5,8.4,63.6
STU0333,21,Male,3.1,88.1,53.9,64.7,61.6,62.8,6.4,54.1
STU0334,19,Male,3.0,77.1,81.6,48.5,91.5,83.4,5.4,73.5
STU0335,22,Male,2.6,57.5,44.5,49.1,54.0,45.8,6.7,48.0
STU0336,19,Female,6.9,69.0,90.8,51.3,46.9,92.6,7.9,66.8
STU0337,19,Male,8.6,70.7,57.9,92.8,59.6,58.1,5.4,63.3
STU0338,18,Female,7.5,87.7,47.0,71.0,53.2,55.5,5.8,41.2
STU0339,21,Female,8.1,51.0,64.3,84.2,95.5,87.5,5.6,76.8
STU0340,22,Male,4.6,63.5,42.3,66.6,92.1,68.8,8.2,64.0
STU0341,17,Male,6.9,75.9,77.7,59.2,70.0,66.0,5.3,59.2
STU0342,20,Male,4.2,63.4,89.6,64.1,43.7,78.6,7.7,62.5
STU0343,17,Female,5.7,81.4,86.0,88.7,82.9,69.8,6.5,71.7
STU0344,21,Male,5.3,74.1,47.0,79.4,77.4,44.8,8.0,59.8
STU0345,20,Female,2.6,68.1,46.9,96.6,98.2,75.5,8.9,68.2
STU0346,21,Female,4.5,97.5,84.7,82.4,73.5,43.0,5.5,62.9
STU0347,19,Male,9.7,81.6,90.8,76.4,60.2,83.4,6.3,69.8
STU0348,20,Male,3.2,56.5,65.3,78.6,71.1,94.4,8.2,75.9
STU0349,19,Female,2.2,78.0,67.4,96.8,98.8,57.6,6.1,75.8
STU0350,17,Female,4.8,89.0,57.5,88.4,81.8,61.7,5.9,70.4
STU0351,17,Female,8.1,85.4,89.2,46.3,80.3,37.8,8.3,55.0
STU0352,20,Male,6.2,58.6,75.5,74.4,54.4,35.8,8.9,51.6
STU0353,20,Female,7.1,98.6,55.9,82.9,84.6,90.3,7.2,74.8
STU0354,22,Male,2.7,72.4,56.4,86.2,85.0,42.7,6.1,56.3
STU0355,21,Female,6.6,58.0,89.0,56.7,59.0,61.7,6.6,59.7
STU0356,22,Female,3.9,59.0,40.7,92.7,69.0,83.9,5.7,69.5
STU0357,21,Male,8.5,54.9,57.7,97.6,57.7,88.4,8.0,64.4
STU0358,22,Female,6.7,90.2,70.5,58.0,55.5,66.2,8.1,51.9
STU0359,19,Male,2.8,56.1,48.2,93.5,41.6,68.9,8.5,55.5
STU0360,20,Male,1.6,56.3,45.1,50.3,57.1,75.2,5.1,45.6
STU0361,17,Female,1.4,92.5,84.8,48.1,73.2,92.7,7.2,71.6
STU0362,21,Male,4.3,67.2,89.2,52.1,40.1,71.2,5.9,54.9
STU0363,21,Male,3.4,51.5,85.3,48.2,57.0,68.6,6.4,56.2
STU0364,17,Female,6.8,52.6,89.4,91.5,92.9,35.9,8.1,72.2
STU0365,22,Male,5.5,57.1,70.4,48.2,75.6,39.9,5.8,53.7
STU0366,21,Male,3.4,60.7,84.7,59.9,76.5,69.6,7.6,67.5
STU0367,19,Male,2.3,83.3,61.1,50.7,64.2,91.2,7.6,61.6
STU0368,20,Female,2.1,57.9,76.6,61.2,80.6,87.0,8.8,68.6
STU0369,17,Male,8.8,55.9,94.4,50.0,51.4,94.0,8.1,63.1
STU0370,20,Female,3.2,88.2,52.4,81.7,89.1,66.7,8.2,67.7
STU0371,21,Female,6.9,83.6,61.4,52.3,47.0,82.3,7.1,53.0
STU0372,21,Male,8.3,71.8,66.4,91.9,79.4,85.4,5.7,70.5
STU0373,17,Male,6.5,77.5,47.6,89.9,60.5,73.9,6.7,61.2
STU0374,19,Male,8.7,65.6,44.5,45.8,84.9,55.3,7.2,48.1
STU0375,18,Female,4.5,74.1,85.6,94.3,73.0,63.2,7.7,73.0
STU0376,17,Male,9.6,75.3,93.7,46.6,67.1,86.5,7.4,68.8
STU0377,18,Male,2.2,69.4,62.3,58.2,50.2,52.9,6.6,54.0
STU0378,22,Male,1.9,95.3,44.8,46.8,78.2,90.4,6.1,57.0
STU0379,18,Male,6.9,50.8,43.6,63.5,98.5,48.8,5.7,63.0
STU0380,19,Male,9.5,89.1,89.0,73.3,89.5,80.0,7.8,78.3
STU0381,22,Female,8.3,56.2,65.5,88.8,43.6,72.8,7.6,60.8
STU0382,18,Female,1.7,89.9,57.6,63.6,62.6,80.0,7.7,64.5
STU0383,22,Male,3.5,80.8,66.2,83.8,95.5,61.2,6.5,70.2
STU0384,18,Male,9.4,92.2,57.5,55.3,70.2,91.0,6.0,61.0
STU0385,19,Male,3.3,54.9,66.9,86.3,79.7,72.9,8.0,69.4
STU0386,18,Male,8.0,77.9,87.3,58.0,94.8,52.3,8.1,67.2
STU0387,18,Female,8.4,75.1,72.6,52.9,92.4,73.3,6.8,68.9
STU0388,18,Male,5.5,85.3,78.2,55.2,70.1,52.2,7.4,63.3
STU0389,17,Female,4.5,76.7,60.1,55.0,66.3,52.6,6.5,53.8
STU0390,17,Female,5.1,77.0,80.6,73.2,60.4,59.0,7.8,62.7
STU0391,17,Male,3.0,71.5,76.7,91.5,83.1,86.1,8.3,78.3
STU0392,19,Female,9.0,65.4,46.6,49.4,57.2,65.0,7.8,53.7
STU0393,22,Female,5.1,74.1,71.5,83.9,55.0,75.7,7.1,63.0
STU0394,21,Female,8.9,55.9,54.1,81.0,61.4,58.5,6.8,58.6
STU0395,18,Female,2.0,98.1,84.2,93.0,50.6,50.8,7.6,65.2
STU0396,18,Male,9.9,85.7,63.4,58.4,81.7,92.3,7.7,68.9
STU0397,19,Male,5.0,97.6,94.7,69.8,77.0,71.2,7.2,66.3
STU0398,18,Female,1.4,61.3,45.1,95.9,69.0,91.0,7.5,69.1
STU0399,17,Male,1.3,94.0,82.9,81.3,63.4,47.2,5.4,64.0
STU0400,21,Male,7.7,90.4,77.1,66.4,94.5,43.8,8.8,67.9
STU0401,20,Male,6.9,83.9,82.2,52.2,41.7,86.3,8.2,56.1
STU0402,18,Male,8.2,81.3,56.9,59.4,86.1,75.9,6.5,64.5
STU0403,17,Male,1.9,65.8,67.1,77.0,94.1,46.2,7.3,67.8
STU0404,20,Female,1.3,90.8,83.8,84.5,66.8,51.2,5.2,62.3
STU0405,21,Male,5.6,75.1,52.8,51.8,73.0,83.0,5.2,57.4
STU0406,20,Male,4.5,53.5,52.4,78.0,96.7,62.2,6.0,68.6
STU0407,17,Male,5.2,65.6,70.3,75.3,52.7,75.2,7.8,59.6
STU0408,22,Male,9.9,96.8,68.8,73.3,71.2,54.1,8.4,61.3
STU0409,22,Female,9.7,92.5,55.5,83.0,68.5,57.9,7.2,57.5
STU0410,20,Female,9.5,99.1,56.4,91.1,55.5,94.4,7.1,72.0
STU0411,19,Female,8.1,81.4,55.3,62.8,89.1,49.9,6.6,61.4
STU0412,20,Female,4.2,62.4,82.4,93.9,94.0,65.4,5.6,75.8
STU0413,18,Male,4.7,58.1,75.9,53.8,86.9,85.7,5.5,68.0
STU0414,18,Female,5.9,59.3,85.8,54.5,51.7,49.4,8.0,52.4
STU0415,22,Male,8.5,51.0,93.7,59.7,45.2,59.9,8.7,59.6
STU0416,19,Male,1.6,69.5,66.1,51.6,76.3,71.9,6.8,62.5
STU0417,17,Male,4.8,59.6,43.7,57.7,43.4,63.9,7.6,44.4
STU0418,18,Male,1.7,70.6,42.6,50.9,80.4,62.6,8.7,54.0
STU0419,22,Male,5.6,96.7,56.3,90.2,71.8,56.8,5.4,61.2
STU0420,21,Female,9.1,71.5,91.3,52.6,79.8,70.2,8.1,72.8
STU0421,22,Female,8.0,93.9,68.8,86.1,75.4,72.5,7.5,67.1
STU0422,18,Female,3.1,80.3,54.9,47.6,65.4,74.2,7.4,57.2
STU0423,18,Female,9.8,62.4,62.0,97.2,52.1,39.2,6.2,61.5
STU0424,22,Male,7.0,67.8,72.9,84.1,58.3,72.9,7.7,64.1
STU0425,17,Female,1.1,54.2,75.9,45.4,71.5,92.2,8.2,62.8
STU0426,20,Male,3.3,66.7,48.5,87.0,79.1,67.5,5.5,66.1
STU0427,18,Female,3.3,83.9,93.7,73.3,86.8,77.9,7.1,70.5
STU0428,22,Male,1.6,53.6,70.0,87.9,86.0,68.4,5.4,71.8
STU0429,22,Male,9.6,60.3,47.5,73.7,98.4,86.3,8.5,65.2
STU0430,19,Female,5.3,69.1,89.1,80.3,57.2,90.8,7.0,75.3
STU0431,20,Male,9.1,99.1,44.1,88.2,44.3,46.1,8.2,49.6
STU0432,21,Male,3.9,89.2,89.9,67.3,60.7,61.2,6.5,63.7
STU0433,17,Female,2.1,86.7,94.8,45.1,84.6,58.5,5.5,63.7
STU0434,21,Male,5.3,55.8,78.5,91.7,66.3,59.3,5.2,62.4
STU0435,20,Female,2.0,89.0,82.4,65.9,89.1,42.5,6.1,68.7
STU0436,20,Female,5.4,89.3,58.6,72.3,73.0,83.8,6.0,64.4
STU0437,20,Female,9.3,80.1,91.8,45.4,95.8,37.1,7.2,74.4
STU0438,21,Male,5.7,99.5,69.1,72.1,96.9,66.7,5.1,67.7
STU0439,20,Male,6.5,66.3,80.3,99.3,44.2,74.7,7.1,65.0
STU0440,22,Male,2.4,97.1,90.8,60.3,67.4,47.4,6.6,58.8
STU0441,21,Female,1.4,95.7,93.6,66.7,76.6,89.4,7.3,73.5
STU0442,20,Male,2.0,50.6,85.8,82.8,55.4,85.3,7.8,73.9
STU0443,22,Female,6.4,72.5,56.7,89.8,64.4,63.3,7.5,64.9
STU0444,19,Female,1.9,98.9,93.2,68.0,80.7,59.7,8.9,64.8
STU0445,20,Male,4.4,55.2,74.5,62.0,53.6,49.2,5.6,58.5
STU0446,21,Female,6.0,77.4,91.2,96.6,76.1,78.8,6.7,79.9
STU0447,18,Male,4.5,98.9,77.2,82.2,81.8,42.9,6.7,66.9
STU0448,20,Male,2.5,77.8,56.9,51.5,45.4,75.8,6.7,49.4
STU0449,18,Male,3.5,59.5,60.4,48.8,69.9,85.5,7.7,58.1
STU0450,22,Male,9.4,79.1,70.3,71.6,55.8,48.7,7.0,57.4
STU0451,19,Male,7.1,60.2,83.5,57.1,83.5,87.0,7.1,70.0
STU0452,17,Female,5.5,76.0,57.5,59.0,51.4,37.0,6.7,51.2
STU0453,19,Female,1.1,53.7,71.9,93.3,93.5,89.8,9.0,76.3
STU0454,20,Female,9.9,80.3,59.0,49.9,65.9,42.1,8.7,45.3
STU0455,18,Male,7.0,75.8,84.9,84.3,51.9,73.7,6.2,62.9
STU0456,18,Male,3.9,87.0,65.7,59.9,66.3,50.0,5.4,51.9
STU0457,21,Male,8.9,81.5,44.2,86.8,64.5,85.2,8.4,62.1
STU0458,18,Female,3.3,77.5,49.1,84.7,65.7,65.7,9.0,59.9
STU0459,21,Male,5.9,84.5,43.4,45.4,75.1,43.1,6.2,48.4
STU0460,22,Female,6.7,57.2,67.5,73.0,71.3,69.3,6.4,65.5
STU0461,17,Female,3.0,79.8,45.8,52.7,49.0,59.5,8.8,45.8
STU0462,20,Male,9.8,58.6,46.3,92.6,43.9,74.7,7.8,56.8
STU0463,21,Male,7.7,96.3,91.8,92.9,83.8,87.9,6.2,86.5
STU0464,17,Female,6.0,53.4,88.0,68.0,73.6,59.6,7.3,70.4
STU0465,18,Male,2.6,71.5,64.9,69.4,61.5,52.4,8.8,57.6
STU0466,18,Female,1.5,84.8,94.2,61.7,88.5,35.9,8.2,68.2
STU0467,17,Male,3.9,72.9,40.0,84.4,63.3,69.5,8.0,51.4
STU0468,18,Male,7.8,54.6,73.8,64.7,87.8,59.1,7.9,63.9
STU0469,22,Female,3.4,77.7,73.9,59.7,58.3,57.5,5.7,55.7
STU0470,22,Male,5.9,82.1,65.2,68.8,44.4,46.0,8.3,48.8
STU0471,17,Female,7.6,85.2,61.8,50.0,96.0,60.8,6.1,58.1
STU0472,21,Male,2.0,68.7,65.0,86.1,63.7,94.1,8.7,69.8
STU0473,21,Female,7.2,78.2,62.8,45.7,87.6,52.9,6.5,62.6
STU0474,17,Female,1.8,72.5,80.2,80.4,56.7,71.0,8.4,64.7
STU0475,21,Male,9.7,83.6,47.4,55.1,78.8,81.6,6.1,62.3
STU0476,21,Female,5.4,79.2,50.9,57.8,92.4,79.9,7.1,64.0
STU0477,22,Male,2.4,76.3,49.9,80.0,42.5,54.7,5.4,49.1
STU0478,21,Male,4.1,62.5,54.4,99.6,89.8,71.7,7.6,73.7
STU0479,19,Male,4.7,50.1,68.9,87.8,74.3,87.3,8.3,67.2
STU0480,20,Female,7.8,58.7,46.1,57.4,76.4,35.9,7.9,44.9
STU0481,18,Female,7.7,55.9,87.7,54.7,71.4,61.1,7.1,59.8
STU0482,19,Male,6.5,72.5,56.4,92.6,92.5,48.5,5.2,69.0
STU0483,21,Male,2.0,80.6,48.9,69.4,42.6,58.3,8.7,49.0
STU0484,22,Female,2.4,60.7,77.2,52.5,55.7,60.0,7.8,57.2
STU0485,17,Male,1.8,97.0,42.1,92.4,92.5,79.8,8.0,73.4
STU0486,21,Male,6.2,50.3,74.1,89.9,85.1,40.6,8.2,63.3
STU0487,22,Female,8.9,88.6,78.4,99.1,41.1,65.8,8.0,67.8
STU0488,20,Male,4.9,81.3,51.8,95.0,71.0,68.9,6.8,63.0
STU0489,21,Female,2.4,68.7,42.3,91.8,71.8,64.6,7.9,58.5
STU0490,17,Male,6.0,52.5,60.0,47.9,64.1,78.9,7.5,57.5
STU0491,22,Female,8.3,81.4,45.4,50.7,57.8,58.0,8.4,49.5
STU0492,22,Male,7.7,69.3,46.4,76.3,80.9,91.7,8.2,65.9
STU0493,22,Male,8.9,96.8,54.0,74.2,52.5,63.9,5.2,57.4
STU0494,20,Female,3.5,77.1,56.3,70.2,87.9,69.3,6.5,64.7
STU0495,21,Male,2.7,97.0,69.1,66.8,88.2,84.5,5.1,69.4
STU0496,20,Female,8.9,61.0,77.3,68.7,64.9,51.5,5.4,59.7
STU0497,18,Male,6.9,86.3,72.6,76.3,57.0,39.5,7.4,57.3
STU0498,18,Female,3.8,80.9,48.2,45.1,57.0,77.5,8.5,47.3
STU0499,21,Female,7.7,87.0,49.5,59.3,68.9,64.0,5.5,52.2
STU0500,20,Female,8.3,60.7,88.3,73.5,83.2,88.8,6.8,75.5
STU0501,17,Female,6.5,83.2,70.7,84.7,61.5,94.0,8.6,71.4
STU0502,22,Male,7.2,74.9,87.8,54.6,76.6,58.9,8.3,71.3
STU0503,22,Male,4.4,87.1,60.4,75.1,62.9,59.9,7.1,58.0
STU0504,21,Female,5.8,66.4,73.8,84.3,58.3,59.5,8.1,57.3
STU0505,18,Female,5.7,94.5,68.8,69.5,41.5,54.5,7.1,50.9
STU0506,18,Female,8.6,54.2,57.6,46.5,40.2,81.9,5.6,53.4
STU0507,22,Male,8.6,90.4,65.8,69.7,53.6,80.5,5.5,58.3
STU0508,21,Male,8.5,93.1,67.6,61.3,64.4,63.7,5.8,55.4
STU0509,20,Male,1.1,90.9,51.0,96.1,91.1,37.7,6.4,64.4
STU0510,18,Male,7.7,75.6,57.3,51.9,87.9,53.6,8.7,59.9
STU0511,20,Female,7.8,71.9,83.5,80.9,56.0,52.5,8.2,58.3
STU0512,18,Female,7.1,99.8,90.4,47.9,54.7,83.7,6.7,61.0
STU0513,18,Female,7.8,61.5,59.8,69.5,53.6,40.3,7.0,55.2
STU0514,19,Male,8.6,77.3,56.9,75.5,60.4,83.3,6.1,64.9
STU0515,18,Male,5.2,83.5,50.7,61.4,69.9,75.2,7.8,54.7
STU0516,17,Male,5.5,85.0,77.3,70.0,66.3,78.9,8.2,60.5
STU0517,21,Female,2.1,60.2,57.8,54.0,53.1,60.9,6.0,51.8
STU0518,21,Female,4.5,82.7,94.3,61.7,47.8,75.8,5.2,62.8
STU0519,20,Male,6.8,90.9,57.9,79.2,40.8,71.5,7.5,56.4
STU0520,18,Female,8.0,52.5,61.7,61.6,49.2,81.1,7.3,59.4
STU0521,17,Male,3.0,95.6,73.2,94.5,82.3,61.8,6.6,67.7
STU0522,20,Male,2.2,51.5,84.1,79.6,54.6,63.4,7.6,62.3
STU0523,19,Female,7.0,67.8,65.8,69.1,68.1,73.6,7.2,60.4
STU0524,20,Male,1.0,50.8,63.2,47.1,75.5,41.5,6.0,50.0
STU0525,20,Female,2.6,53.9,94.8,72.5,93.2,61.2,6.6,75.8
STU0526,18,Male,1.3,95.6,40.6,87.1,93.3,93.3,6.7,70.2
STU0527,19,Female,2.5,67.7,89.2,59.6,84.7,37.3,8.5,58.5
STU0528,20,Female,2.6,71.2,48.2,89.4,42.1,54.0,8.8,53.8
STU0529,17,Female,4.5,60.8,83.2,58.8,74.5,53.8,8.6,61.6
STU0530,17,Male,4.6,79.9,74.0,90.3,87.2,73.0,7.9,76.0
STU0531,21,Male,8.9,79.7,58.8,49.7,41.0,41.3,7.3,41.4
STU0532,19,Female,5.6,68.6,88.1,92.6,73.0,72.7,7.8,71.4
STU0533,19,Female,7.5,66.7,40.7,72.5,91.5,40.7,8.8,57.6
STU0534,21,Male,1.9,94.2,52.5,61.3,68.4,40.7,6.0,47.6
STU0535,20,Male,3.0,69.2,71.2,59.6,40.2,78.7,7.1,55.1
STU0536,19,Male,7.3,74.7,59.3,68.8,40.7,54.4,7.8,47.1
STU0537,17,Female,1.5,64.2,73.6,99.9,65.0,93.6,7.7,72.4
STU0538,17,Male,5.4,89.3,41.3,57.1,49.3,37.2,6.0,42.2
STU0539,18,Male,6.4,69.9,46.4,50.7,79.9,61.7,7.3,55.1
STU0540,19,Female,6.4,75.7,47.0,77.2,82.5,41.8,8.2,56.0
STU0541,20,Male,1.2,62.7,50.4,71.9,50.7,56.1,6.9,52.1
STU0542,21,Male,3.9,99.4,65.3,73.8,93.3,94.9,8.2,74.4
STU0543,21,Male,6.7,64.6,81.4,81.7,66.5,88.3,6.4,71.7
STU0544,20,Female,2.3,88.5,89.8,59.7,48.6,37.9,8.8,52.6
STU0545,22,Female,7.3,71.4,85.9,95.1,85.9,68.8,7.1,80.0
STU0546,18,Female,7.7,60.3,50.8,69.0,87.4,73.9,7.4,65.4
STU0547,21,Female,9.8,90.0,64.3,52.1,78.4,47.6,5.1,54.0
STU0548,19,Female,2.9,66.7,51.0,85.8,91.2,43.7,5.7,63.8
STU0549,18,Female,8.4,93.3,54.5,80.4,84.2,89.3,7.5,72.5
STU0550,19,Female,5.7,95.8,67.7,62.4,92.9,93.1,6.7,71.9
STU0551,17,Male,4.4,93.0,43.7,79.2,66.0,94.5,7.0,62.8
STU0552,18,Male,2.1,51.8,52.0,57.1,84.9,82.4,5.3,56.3
STU0553,21,Female,7.6,89.4,91.4,69.5,100.0,74.8,8.3,75.3
STU0554,18,Male,3.1,70.6,65.6,94.5,83.5,55.7,8.1,70.3
STU0555,18,Male,4.3,93.7,64.5,52.3,46.9,45.3,5.7,45.7
STU0556,18,Female,1.6,81.9,40.8,66.3,71.1,39.7,7.5,48.9
STU0557,22,Male,8.2,91.7,53.6,90.2,75.2,76.6,8.3,64.2
STU0558,18,Male,7.9,75.0,87.6,98.3,50.5,82.1,7.6,72.5
STU0559,19,Male,7.6,76.8,49.1,70.0,97.8,84.6,6.2,70.0
STU0560,17,Male,3.7,57.2,62.8,72.9,50.5,89.8,7.6,62.7
STU0561,20,Male,2.6,89.2,40.8,76.5,50.7,87.8,5.8,52.7
STU0562,18,Female,6.7,71.0,66.3,96.3,94.9,95.0,6.3,79.9
STU0563,21,Female,5.5,75.0,41.2,92.2,67.9,49.6,6.0,61.2
STU0564,18,Female,2.6,89.3,85.1,54.4,43.8,80.8,7.2,61.9
STU0565,21,Male,7.2,79.9,85.4,69.0,75.9,70.2,5.4,69.5
STU0566,19,Female,9.9,60.1,83.3,70.5,76.1,50.7,8.7,59.8
STU0567,21,Male,7.7,79.5,55.6,88.4,43.9,93.9,6.3,61.7
STU0568,20,Male,7.7,70.4,86.0,78.2,98.4,88.9,5.9,85.6
STU0569,17,Male,9.6,73.5,69.9,81.0,72.6,42.7,7.0,65.8
STU0570,21,Male,2.8,51.4,60.6,99.9,73.6,36.6,6.1,62.7
STU0571,21,Female,6.1,60.5,74.4,49.1,71.2,76.3,7.1,60.2
STU0572,17,Female,9.8,64.1,40.7,57.3,76.6,71.2,6.4,56.7
STU0573,20,Male,2.5,85.6,47.9,67.4,55.9,91.1,5.5,60.3
STU0574,18,Female,7.3,50.6,80.8,64.1,57.2,49.0,6.1,61.0
STU0575,21,Male,6.3,70.4,53.4,46.2,70.7,40.1,6.8,50.2
STU0576,17,Female,6.3,96.2,72.9,50.0,88.4,50.6,5.1,64.0
STU0577,19,Female,7.3,55.6,61.2,82.5,43.0,36.1,8.1,50.7
STU0578,17,Male,9.4,75.8,87.0,93.4,76.2,37.2,7.5,68.0
STU0579,19,Female,8.0,89.3,92.4,73.3,88.4,89.9,7.4,77.7
STU0580,20,Male,1.5,97.1,88.6,74.7,49.4,56.1,7.2,62.2
STU0581,18,Female,8.7,87.3,54.9,59.0,40.9,59.6,7.4,52.0
STU0582,17,Male,3.0,86.0,50.7,87.2,58.8,36.1,8.7,54.6
STU0583,22,Male,4.4,91.3,66.1,86.3,75.3,51.2,5.0,59.9
STU0584,21,Female,5.2,72.3,40.4,77.4,48.3,83.3,5.2,51.6
STU0585,20,Female,5.3,90.3,41.4,56.7,65.6,71.9,5.8,56.6
STU0586,17,Male,4.9,50.4,70.4,50.3,73.1,80.2,5.7,63.2
STU0587,21,Female,9.4,96.2,68.6,48.5,75.9,61.8,5.7,60.2
STU0588,17,Female,7.4,72.2,94.7,77.6,56.5,53.6,7.7,65.7
STU0589,19,Male,6.7,77.7,51.1,90.4,64.0,64.0,6.8,65.9
STU0590,17,Male,1.4,62.7,54.2,92.2,86.7,54.4,9.0,63.4
STU0591,22,Female,9.1,87.1,46.2,70.5,96.5,85.3,5.9,71.5
STU0592,17,Male,9.2,53.8,90.5,88.1,91.7,52.9,6.2,75.8
STU0593,17,Male,8.0,93.6,82.8,97.1,73.9,74.6,8.9,69.9
STU0594,22,Male,1.1,91.4,85.2,60.1,64.6,43.2,8.3,55.8
STU0595,20,Female,1.5,60.8,89.7,66.9,60.0,76.2,6.9,64.4
STU0596,17,Female,3.0,90.5,68.9,96.2,47.5,89.8,7.2,70.0
STU0597,22,Male,2.2,89.3,64.8,63.6,46.4,71.5,8.4,58.8
STU0598,21,Female,4.6,81.6,58.2,95.3,81.3,68.6,6.9,69.4
STU0599,19,Male,9.3,68.7,72.4,99.0,55.6,92.7,5.8,70.2
STU0600,19,Female,5.2,63.6,65.0,81.4,55.3,72.6,8.3,58.9
STU0601,17,Male,1.1,61.6,64.8,89.9,99.9,50.6,7.2,72.9
STU0602,20,Male,3.5,65.9,91.5,86.2,51.3,52.5,5.6,60.1
STU0603,20,Female,1.4,95.2,94.1,83.5,48.9,77.3,7.0,67.8
STU0604,21,Male,1.3,53.9,83.8,61.9,45.9,79.1,6.7,67.9
STU0605,17,Female,3.5,91.4,81.6,48.1,74.8,53.2,8.5,58.3
STU0606,19,Female,3.5,67.4,77.4,63.9,77.7,55.7,5.5,59.4
STU0607,20,Male,8.1,76.1,49.1,81.7,61.9,94.5,8.5,58.9
STU0608,17,Male,9.8,89.7,43.3,50.6,72.1,41.1,7.0,55.9
STU0609,20,Female,4.3,94.2,78.0,45.7,87.3,59.3,6.6,64.0
STU0610,22,Male,4.9,67.2,80.1,52.7,89.1,38.7,5.6,58.7
STU0611,20,Male,8.6,73.1,42.6,84.4,97.5,84.3,7.8,69.5
STU0612,19,Male,3.4,70.7,91.0,98.5,89.5,40.5,8.7,71.4
STU0613,18,Male,2.4,50.7,45.0,99.1,73.9,75.4,6.5,59.4
STU0614,21,Male,8.7,64.8,55.7,72.2,50.8,38.4,6.0,52.4
STU0615,21,Female,1.4,73.0,77.0,92.8,46.0,75.4,7.2,64.7
STU0616,19,Female,6.6,70.6,49.3,85.5,43.3,85.6,8.2,60.5
STU0617,20,Male,6.1,86.1,43.0,72.6,80.0,58.9,5.0,58.0
STU0618,17,Male,4.1,69.2,58.2,76.5,88.5,66.3,7.5,66.2
STU0619,20,Male,3.8,74.5,82.1,52.5,70.5,59.1,7.4,54.3
STU0620,19,Female,7.9,71.5,62.8,96.6,43.3,53.0,6.3,60.4
STU0621,21,Male,1.8,87.0,75.9,64.4,72.1,83.2,6.8,63.5
STU0622,20,Female,3.1,93.1,71.9,69.5,96.1,51.3,6.0,64.1
STU0623,21,Female,7.6,76.6,41.2,81.9,75.9,78.4,8.2,60.9
STU0624,17,Female,5.9,89.5,94.4,63.4,88.6,47.4,7.5,62.6
STU0625,21,Male,2.2,64.8,42.3,59.0,88.0,50.0,7.1,53.0
STU0626,21,Female,8.9,77.1,93.2,79.7,95.9,55.2,6.6,73.6
STU0627,18,Male,4.5,67.3,70.2,46.4,86.2,70.3,6.2,62.0
STU0628,18,Female,8.5,70.7,93.0,84.6,84.9,62.3,8.3,70.0
STU0629,22,Male,8.1,86.6,46.3,73.3,54.0,79.7,6.8,59.7
STU0630,18,Female,6.6,94.1,67.0,78.3,43.6,47.8,7.0,55.1
STU0631,21,Male,5.5,56.1,49.3,79.8,71.1,35.6,7.1,51.4
STU0632,19,Female,9.8,81.7,42.8,74.0,47.5,81.6,6.8,53.4
STU0633,21,Male,2.3,79.1,74.0,77.0,97.7,84.3,6.0,78.0
STU0634,19,Male,7.5,55.9,51.4,82.6,57.4,38.6,5.5,51.8
STU0635,19,Male,2.7,60.6,72.3,86.4,91.2,71.7,5.4,69.2
STU0636,18,Male,4.0,65.6,46.2,85.0,63.3,57.7,8.0,56.3
STU0637,20,Female,3.8,58.3,58.3,92.8,59.4,82.6,5.9,61.8
STU0638,17,Female,9.5,62.2,83.0,55.4,96.1,87.5,5.2,72.7
STU0639,18,Male,9.7,63.4,64.0,67.1,61.8,86.1,8.2,63.4
STU0640,18,Female,2.6,66.8,74.5,97.1,63.4,81.6,5.6,73.8
STU0641,20,Male,1.2,87.5,75.6,66.8,46.4,51.1,7.5,60.3
STU0642,17,Male,7.5,78.6,86.4,51.9,80.2,83.7,6.4,74.0
STU0643,21,Female,4.8,99.3,57.9,73.9,57.3,67.0,5.5,57.5
STU0644,22,Male,1.8,70.7,77.8,51.0,75.1,38.2,6.7,63.1
STU0645,22,Male,7.2,87.7,92.9,56.2,75.5,62.4,5.1,68.6
STU0646,21,Female,5.9,93.6,80.2,99.9,83.2,91.5,8.4,77.1
STU0647,18,Male,9.8,83.9,66.9,74.8,84.7,88.3,7.1,72.3
STU0648,17,Male,3.0,70.6,74.7,60.6,70.9,41.1,5.6,55.2
STU0649,18,Male,4.6,87.7,80.7,99.7,59.9,79.6,5.9,68.0
STU0650,19,Male,5.9,60.2,73.7,98.2,90.2,83.3,6.8,74.6
STU0651,18,Female,8.1,66.4,40.9,69.2,58.6,51.3,5.8,49.7
STU0652,18,Female,5.9,77.3,50.7,59.3,70.5,63.3,6.1,58.0
STU0653,21,Female,6.5,78.8,84.6,91.1,64.1,77.7,7.1,75.1
STU0654,21,Male,3.0,51.1,55.0,84.4,91.3,61.3,8.3,62.4
STU0655,21,Male,8.6,97.3,80.2,82.8,65.9,41.8,6.6,61.8
STU0656,22,Female,4.9,84.8,60.5,94.1,63.2,77.4,7.9,67.4
STU0657,19,Male,2.3,74.8,68.7,82.9,81.4,89.7,8.5,72.8
STU0658,21,Male,7.0,96.7,43.7,60.6,76.1,74.1,5.9,60.0
STU0659,17,Male,2.9,72.0,50.0,83.2,46.4,81.4,8.2,56.2
STU0660,22,Male,1.9,99.0,92.6,61.8,70.5,56.5,8.0,68.5
STU0661,20,Female,8.8,75.6,89.0,86.8,84.1,46.0,6.4,71.1
STU0662,17,Female,5.1,55.7,75.9,79.1,99.5,73.6,9.0,77.4
STU0663,17,Female,7.7,88.2,65.3,49.3,77.7,54.7,6.1,56.6
STU0664,21,Male,3.6,83.9,77.2,73.2,62.2,86.6,6.0,67.5
STU0665,20,Female,8.1,88.6,74.0,63.9,53.6,42.4,8.1,49.6
STU0666,20,Female,2.0,97.6,71.3,63.1,92.4,61.0,6.7,63.5
STU0667,22,Male,4.2,88.8,43.3,78.1,88.9,58.8,6.3,60.4
STU0668,20,Male,9.8,80.6,74.8,62.7,54.0,91.3,5.7,64.8
STU0669,19,Female,8.1,92.9,82.3,87.7,52.0,44.2,8.1,69.2
STU0670,21,Female,5.5,83.7,94.7,48.9,82.9,35.6,8.1,61.0
STU0671,20,Female,4.1,70.4,40.6,81.3,58.9,49.3,7.3,47.5
STU0672,22,Female,8.8,94.3,80.2,89.5,58.4,84.2,8.8,75.8
STU0673,19,Male,5.9,61.1,71.4,82.0,49.1,47.6,6.3,60.2
STU0674,18,Female,7.8,85.7,63.9,72.3,55.8,49.5,5.9,52.0
STU0675,18,Female,7.8,94.1,47.0,97.3,65.7,42.8,7.7,58.8
STU0676,19,Male,1.2,86.6,62.5,61.5,84.0,77.9,8.0,67.2
STU0677,22,Female,2.1,84.9,59.5,46.1,60.2,39.2,5.9,47.8
STU0678,19,Male,6.9,87.6,56.7,68.8,59.7,54.9,5.3,55.9
STU0679,21,Male,2.5,73.3,80.2,46.8,57.1,51.9,8.2,52.5
STU0680,21,Male,3.3,93.7,78.5,97.5,68.7,68.3,8.9,72.0
STU0681,18,Female,9.5,60.2,72.4,56.5,50.8,78.8,7.6,57.8
STU0682,20,Female,6.0,56.4,91.6,88.4,69.1,67.0,6.1,64.2
STU0683,22,Male,7.8,64.3,59.2,87.6,82.3,90.9,9.0,72.8
STU0684,18,Female,6.0,76.6,53.4,57.0,41.8,92.1,8.6,49.5
STU0685,20,Female,6.0,75.5,76.1,79.2,40.6,56.7,7.1,60.3
STU0686,20,Male,1.8,91.0,50.9,47.6,44.5,81.7,8.3,46.6
STU0687,21,Male,4.1,70.2,57.3,71.6,72.1,79.3,8.3,55.8
STU0688,17,Female,3.5,74.2,52.4,45.8,91.3,88.6,8.7,58.0
STU0689,17,Male,4.5,50.7,43.8,95.7,40.3,61.9,8.4,53.1
STU0690,19,Female,8.2,70.5,85.5,98.7,96.2,66.8,7.6,80.3
STU0691,21,Female,4.3,82.4,54.0,57.2,46.4,59.9,7.4,44.9
STU0692,20,Female,5.1,50.8,66.0,56.4,90.5,86.0,6.9,65.2
STU0693,22,Female,4.6,64.0,42.4,86.5,69.0,48.8,7.5,55.6
STU0694,17,Male,1.8,60.4,78.5,58.9,79.6,49.4,8.2,64.4
STU0695,20,Male,5.0,52.1,58.2,94.2,70.6,57.4,8.9,59.6
STU0696,17,Male,2.8,74.0,81.0,76.6,68.6,48.8,6.9,64.0
STU0697,17,Male,2.7,59.1,62.7,64.3,90.1,68.7,7.3,60.0
STU0698,17,Female,1.8,87.2,50.8,90.8,85.4,43.1,6.8,62.0
STU0699,22,Female,4.2,92.4,68.2,72.1,69.0,54.2,7.7,62.5
STU0700,21,Male,7.8,77.3,47.2,95.1,46.7,89.8,7.5,63.2
STU0701,22,Female,3.5,99.1,64.2,96.0,46.9,59.6,5.1,62.4
STU0702,18,Female,3.8,72.5,57.5,54.1,88.1,79.9,7.2,66.6
STU0703,20,Female,6.8,75.7,90.2,45.1,71.8,41.8,5.4,64.4
STU0704,21,Male,2.8,99.5,43.4,99.1,68.9,49.9,5.1,58.6
STU0705,21,Male,9.1,61.6,78.2,94.8,80.8,83.4,8.2,82.3
STU0706,21,Male,5.7,97.1,50.1,48.0,91.5,80.8,6.0,59.2
STU0707,21,Female,5.0,52.1,57.5,90.8,77.7,58.2,6.4,63.7
STU0708,22,Male,6.0,72.3,62.9,70.2,85.8,92.3,5.3,70.2
STU0709,21,Male,2.5,53.5,89.9,59.2,85.9,89.6,5.7,71.0
STU0710,19,Male,6.5,86.5,53.3,93.3,61.4,92.7,8.1,59.8
STU0711,20,Male,4.3,80.4,45.0,55.8,56.4,60.7,7.0,51.9
STU0712,21,Male,9.1,85.3,57.5,97.1,88.1,46.8,8.5,63.8
STU0713,20,Male,2.5,68.7,45.8,56.3,62.6,72.6,6.6,52.1
STU0714,19,Female,5.6,68.5,47.1,78.8,94.2,76.1,6.1,71.9
STU0715,19,Female,6.4,52.3,71.6,57.3,44.2,42.5,6.4,51.6
STU0716,20,Male,1.3,67.5,43.3,75.0,43.5,82.2,7.9,58.6
STU0717,17,Male,4.3,96.5,41.7,82.6,95.6,36.1,7.2,59.1
STU0718,18,Female,7.6,69.0,79.3,55.5,78.9,64.0,8.6,66.3
STU0719,17,Female,8.4,91.6,59.9,73.6,62.8,54.9,7.4,56.9
STU0720,17,Male,3.8,92.1,46.9,70.8,85.3,79.4,7.0,61.1
STU0721,22,Male,8.2,68.7,53.9,48.9,80.3,53.8,8.1,57.0
STU0722,17,Male,9.7,81.6,75.3,90.0,71.9,84.6,8.8,71.9
STU0723,21,Male,8.7,54.8,55.2,63.5,45.9,70.7,6.4,55.4
STU0724,22,Female,2.1,55.2,67.2,76.6,88.7,82.6,6.0,69.4
STU0725,22,Male,7.7,52.4,46.7,73.3,92.0,94.4,7.5,68.8
STU0726,19,Male,3.9,79.1,72.3,73.2,50.3,75.7,7.0,60.7
STU0727,17,Male,9.9,71.3,57.4,50.9,91.0,94.1,9.0,70.8
STU0728,19,Male,5.4,77.4,74.5,68.3,92.7,36.7,6.8,62.3
STU0729,20,Female,2.1,76.1,84.5,69.9,73.0,55.3,5.3,68.3
STU0730,18,Female,7.5,67.5,73.6,85.4,79.4,41.5,8.9,62.0
STU0731,22,Female,3.9,83.9,56.3,91.2,62.9,50.7,8.4,59.6
STU0732,20,Male,10.0,87.9,54.1,75.0,56.9,85.3,5.7,59.2
STU0733,20,Male,9.8,50.7,58.0,49.8,83.3,36.9,8.6,57.5
STU0734,21,Female,6.9,60.4,49.1,58.0,91.7,66.2,6.4,58.6
STU0735,18,Male,2.2,85.7,50.0,54.1,79.2,69.0,6.5,55.1
STU0736,20,Male,7.2,69.3,83.5,51.9,70.7,68.7,8.6,60.0
STU0737,20,Female,1.8,83.1,61.2,65.1,49.5,63.5,7.1,54.0
STU0738,18,Female,1.3,67.3,64.0,57.6,43.2,82.4,5.6,56.8
STU0739,18,Female,8.4,69.5,72.7,57.0,66.7,43.0,6.5,57.6
STU0740,20,Female,2.9,57.9,72.4,48.0,43.0,53.6,7.9,49.2
STU0741,18,Male,4.4,62.9,43.7,46.0,74.2,71.9,5.7,51.7
STU0742,20,Male,9.8,80.3,85.7,50.7,63.0,76.5,7.4,63.2
STU0743,20,Female,4.0,71.7,49.8,54.5,85.4,59.2,7.8,56.4
STU0744,21,Male,3.7,88.7,79.8,68.7,58.3,87.5,6.4,67.1
STU0745,17,Female,9.3,92.6,82.5,73.1,75.6,59.9,7.8,68.1
STU0746,20,Female,2.0,77.1,79.3,52.7,72.3,59.2,8.5,65.8
STU0747,19,Male,7.8,87.9,71.8,68.4,40.3,37.2,6.9,50.4
STU0748,22,Female,9.9,65.3,40.8,63.8,44.3,68.1,6.5,50.2
STU0749,17,Male,9.1,70.7,59.8,55.1,57.4,77.5,6.0,57.4
STU0750,17,Male,6.9,85.6,73.3,45.4,92.9,41.9,7.4,59.1
STU0751,17,Male,3.8,69.3,61.3,70.7,48.8,53.3,8.5,54.0
STU0752,21,Male,3.3,79.4,87.5,82.7,82.7,81.9,6.3,74.7
STU0753,20,Female,8.4,59.3,57.0,57.4,98.4,57.0,6.6,62.8
STU0754,21,Male,8.9,80.0,56.1,52.2,87.4,49.5,6.6,61.0
STU0755,20,Female,5.7,93.1,54.6,93.8,54.6,75.3,7.2,60.5
STU0756,21,Female,3.2,93.4,58.3,60.1,94.5,46.8,5.9,61.2
STU0757,21,Female,2.0,86.2,70.7,57.3,45.6,88.7,8.3,51.1
STU0758,22,Female,1.8,87.3,78.9,92.1,68.1,41.3,6.2,63.1
STU0759,19,Male,7.5,77.9,76.4,89.9,93.3,77.4,7.8,75.5
STU0760,21,Male,4.8,79.2,84.4,69.7,78.5,65.0,7.1,68.7
STU0761,22,Female,9.1,56.7,88.7,71.9,64.8,87.2,7.3,70.9
STU0762,18,Female,7.7,72.2,84.9,57.0,57.6,42.6,5.7,57.1
STU0763,19,Male,2.7,72.5,41.0,49.3,62.5,75.7,7.9,50.1
STU0764,21,Female,6.5,97.9,80.5,76.5,70.5,69.3,5.8,69.0
STU0765,17,Male,4.9,71.6,51.5,50.4,59.1,63.8,5.5,46.1
STU0766,18,Female,6.2,77.5,47.3,69.7,98.1,64.5,7.2,64.5
STU0767,18,Male,7.6,76.7,75.1,96.7,96.0,78.3,7.8,76.1
STU0768,22,Female,8.3,81.8,57.6,97.4,92.2,91.3,5.2,79.9
STU0769,18,Female,8.6,87.4,43.1,58.2,65.3,40.5,5.3,45.3
STU0770,19,Male,3.3,61.3,47.6,79.3,81.5,36.2,8.2,58.9
STU0771,21,Female,1.3,76.4,40.1,71.1,94.2,83.3,8.2,64.6
STU0772,21,Female,7.7,91.3,89.7,93.2,91.0,41.5,6.0,67.8
STU0773,17,Male,2.0,73.2,41.4,59.9,64.9,94.2,7.5,55.1
STU0774,22,Female,3.8,63.9,51.5,45.2,46.7,72.2,6.8,51.1
STU0775,17,Male,1.0,82.7,62.9,53.9,44.5,74.1,7.5,55.0
STU0776,18,Male,7.1,91.2,59.6,64.2,74.6,46.9,8.5,52.9
STU0777,17,Female,2.5,53.2,90.1,62.4,78.6,49.4,5.3,69.6
STU0778,19,Female,6.9,88.8,42.2,88.5,91.0,74.6,8.1,66.9
STU0779,21,Female,9.9,91.1,68.2,82.4,57.6,89.6,7.0,70.0
STU0780,18,Female,1.7,73.1,77.4,61.5,50.0,93.9,7.3,59.5
STU0781,17,Female,1.7,99.2,91.2,70.2,62.7,46.9,7.6,60.8
STU0782,22,Female,4.1,89.3,74.1,50.3,61.2,43.0,8.7,54.3
STU0783,19,Female,8.8,88.7,84.2,94.4,47.9,38.4,5.2,60.0
STU0784,19,Male,2.9,87.4,44.6,96.4,80.3,87.1,5.1,59.6
STU0785,17,Female,4.2,57.5,61.2,98.9,70.5,52.7,5.7,63.3
STU0786,21,Male,1.6,60.9,60.6,92.8,83.3,35.1,8.9,55.9
STU0787,17,Female,7.9,73.2,88.7,54.6,61.2,48.4,7.9,56.0
STU0788,18,Female,4.7,63.2,48.3,47.5,59.5,55.4,7.5,44.0
STU0789,17,Male,7.8,70.8,48.4,76.9,68.4,94.5,5.2,68.0
STU0790,19,Female,9.1,94.4,58.1,95.2,92.6,66.4,8.5,75.7
STU0791,17,Female,3.1,91.2,43.0,54.8,42.4,47.3,8.3,43.3
STU0792,21,Male,8.3,81.5,50.0,45.4,88.3,55.1,7.7,55.2
STU0793,22,Female,1.5,92.9,93.1,89.3,62.1,54.8,6.4,67.9
STU0794,20,Female,9.1,89.2,63.6,49.2,91.3,36.2,5.3,60.6
STU0795,17,Female,6.9,71.4,74.8,67.8,88.1,43.1,7.3,58.0
STU0796,21,Male,8.9,60.1,79.9,82.3,60.9,76.7,7.9,65.1
STU0797,21,Female,1.0,75.7,60.2,58.0,81.6,42.2,5.4,58.7
STU0798,22,Female,2.5,86.8,48.1,49.6,49.6,48.8,7.5,48.1
STU0799,19,Female,4.5,71.8,51.4,87.4,93.8,56.0,6.1,67.4
STU0800,21,Female,4.4,83.3,57.2,79.7,64.3,80.5,8.1,59.9
STU0801,21,Male,3.0,54.7,75.0,99.4,67.3,69.9,7.2,72.9
STU0802,21,Male,4.4,87.4,61.9,63.9,82.3,76.3,5.5,68.8
STU0803,21,Female,2.2,90.6,40.4,48.4,89.3,69.0,7.1,58.4
STU0804,18,Female,4.7,85.3,68.8,85.4,54.2,76.0,6.6,56.3
STU0805,18,Male,8.2,98.4,90.7,73.7,79.7,35.2,5.7,66.0
STU0806,19,Male,5.3,91.3,84.7,56.7,63.5,90.9,8.4,69.1
STU0807,17,Female,1.2,95.2,85.4,88.0,62.1,41.7,5.0,61.4
STU0808,21,Male,4.8,96.7,83.7,56.2,81.4,59.4,6.2,65.7
STU0809,22,Female,1.2,90.1,57.8,59.3,63.2,81.3,5.1,57.0
STU0810,17,Male,9.7,83.7,82.1,50.1,60.8,61.1,5.4,56.8
STU0811,22,Male,2.1,50.3,47.9,67.0,90.2,91.8,6.2,71.1
STU0812,17,Male,7.4,73.3,76.2,68.0,46.1,63.1,5.2,58.6
STU0813,19,Male,9.8,78.6,75.3,73.3,80.6,87.5,7.4,69.3
STU0814,21,Female,8.4,65.2,41.4,84.0,54.9,83.6,5.3,54.7
STU0815,21,Male,7.3,65.9,83.3,94.8,40.9,93.9,7.8,67.3
STU0816,20,Male,8.6,98.1,89.7,52.6,50.0,90.6,5.2,62.3
STU0817,22,Female,9.8,94.6,54.7,48.0,76.4,88.9,5.2,62.1
STU0818,17,Male,6.6,92.5,84.7,46.0,82.5,78.9,6.2,69.2
STU0819,17,Male,6.0,70.3,44.5,52.9,41.3,57.0,8.6,45.8
STU0820,18,Female,6.7,50.7,73.0,81.2,42.2,41.4,7.6,52.1
STU0821,20,Male,5.8,54.0,66.7,85.0,94.2,76.3,8.1,76.1
STU0822,18,Female,6.7,65.6,70.0,88.3,44.4,93.7,5.6,69.7
STU0823,18,Female,5.0,50.8,90.9,58.4,93.7,78.6,8.3,73.5
STU0824,18,Female,3.0,50.9,87.9,61.8,53.7,90.7,5.0,63.3
STU0825,22,Female,2.1,95.8,83.2,71.6,84.4,83.3,5.9,73.5
STU0826,22,Male,1.6,85.3,55.1,48.5,58.6,44.8,7.5,53.8
STU0827,19,Female,3.4,65.4,90.2,78.6,91.5,50.0,6.5,68.5
STU0828,19,Male,1.4,56.6,45.4,99.1,82.0,55.5,8.9,61.4
STU0829,18,Male,6.1,75.6,86.9,64.8,64.1,45.1,5.1,60.8
STU0830,20,Male,3.6,50.3,58.0,86.4,44.6,69.9,9.0,59.1
STU0831,17,Male,8.4,96.9,43.0,72.5,84.0,93.5,7.5,60.3
STU0832,22,Male,1.7,70.7,76.8,52.0,77.0,80.7,7.2,69.2
STU0833,20,Male,3.0,70.1,52.7,77.0,40.2,60.4,5.2,55.0
STU0834,21,Male,7.6,69.5,53.4,61.5,40.6,35.3,6.1,42.7
STU0835,22,Male,6.4,53.5,56.8,46.9,88.5,53.8,8.7,65.5
STU0836,22,Male,1.6,81.9,43.5,79.9,55.6,66.6,6.4,58.0
STU0837,19,Male,8.9,86.7,49.7,92.2,78.2,54.5,7.6,66.2
STU0838,17,Female,8.9,83.8,40.3,64.0,67.3,41.7,9.0,52.9
STU0839,17,Female,4.0,56.9,64.5,66.5,91.8,61.6,6.1,68.8
STU0840,21,Female,4.1,78.9,44.6,94.0,95.0,50.2,7.3,64.3
STU0841,21,Male,9.9,78.5,77.5,89.7,99.8,89.6,7.8,81.3
STU0842,22,Female,6.6,93.4,53.0,84.3,49.2,41.1,5.7,48.8
STU0843,18,Female,5.8,69.0,91.9,58.7,91.8,37.9,5.6,64.4
STU0844,19,Female,8.5,68.6,87.9,95.1,56.0,35.3,6.8,62.4
STU0845,19,Male,3.6,80.9,55.9,53.5,75.4,54.7,6.5,55.2
STU0846,22,Male,4.9,81.7,83.1,79.5,70.3,74.6,7.9,74.7
STU0847,20,Male,3.4,73.5,84.2,46.6,41.1,78.8,5.3,50.6
STU0848,18,Male,8.1,72.2,94.3,80.4,96.0,62.2,8.9,81.3
STU0849,22,Female,6.2,74.7,72.9,60.2,44.7,76.1,5.1,54.6
STU0850,18,Female,6.9,93.1,44.5,69.7,81.3,56.6,7.4,57.4
STU0851,18,Female,3.3,73.1,75.6,64.0,87.1,75.1,7.3,66.8
STU0852,18,Female,3.0,97.0,74.4,54.5,87.7,37.4,5.5,64.9
STU0853,22,Male,5.4,75.2,75.1,79.2,48.1,58.4,5.6,57.6
STU0854,19,Male,7.6,97.5,56.9,93.5,66.9,82.5,8.2,68.9
STU0855,19,Male,5.7,91.6,87.3,97.7,89.8,83.2,8.6,83.0
STU0856,18,Female,1.3,68.1,92.8,55.6,58.2,78.0,6.1,61.2
STU0857,20,Male,8.8,93.2,52.0,84.5,68.1,47.3,6.8,57.4
STU0858,17,Male,1.6,55.5,44.8,81.5,56.4,49.8,6.4,55.4
STU0859,22,Female,9.6,96.3,50.7,63.9,67.8,94.8,5.3,60.2
STU0860,17,Female,1.2,81.6,85.1,46.1,93.3,41.2,7.7,64.7
STU0861,20,Male,7.3,52.7,77.2,82.9,67.3,45.8,8.3,62.0
STU0862,22,Male,1.7,82.2,75.0,97.0,73.4,42.8,6.2,68.8
STU0863,18,Male,9.2,98.7,62.1,79.8,64.2,54.7,9.0,65.1
STU0864,19,Male,5.2,53.5,71.8,68.9,67.6,47.6,5.3,52.9
STU0865,17,Male,2.2,77.7,56.9,73.9,40.9,64.9,7.6,48.5
STU0866,21,Male,4.1,87.4,66.2,56.0,57.0,63.6,6.8,54.0
STU0867,21,Female,2.5,90.5,83.6,86.3,66.2,89.1,6.8,77.3
STU0868,20,Female,2.5,70.7,94.0,86.1,78.0,37.1,6.8,69.6
STU0869,18,Female,9.5,60.2,91.3,53.0,67.0,54.2,6.0,58.7
STU0870,17,Male,5.0,52.1,91.4,93.3,60.3,70.8,7.9,73.5
STU0871,18,Female,8.1,79.0,62.1,59.8,63.3,71.3,7.9,56.0
STU0872,17,Male,6.8,72.6,65.8,99.0,54.5,63.8,6.1,66.3
STU0873,20,Male,7.1,97.4,78.8,66.1,95.5,83.9,8.3,76.3
STU0874,20,Female,2.2,53.0,90.7,54.8,71.3,38.8,6.3,56.8
STU0875,21,Male,3.1,84.3,47.8,64.3,40.8,83.9,7.9,52.1
STU0876,18,Male,8.1,51.2,56.7,69.2,41.2,64.7,5.5,56.1
STU0877,22,Female,9.7,58.6,47.7,48.8,98.4,43.0,5.7,50.7
STU0878,21,Female,3.4,72.7,73.7,76.8,53.3,88.1,6.3,66.1
STU0879,18,Female,3.4,72.7,56.8,77.9,88.3,74.0,7.4,63.8
STU0880,21,Male,5.3,84.3,57.9,85.6,43.5,44.8,7.6,52.2
STU0881,22,Female,9.9,95.5,43.9,46.6,95.3,37.0,6.6,54.4
STU0882,19,Female,3.4,82.0,59.2,74.8,92.5,43.5,5.3,68.1
STU0883,19,Male,4.7,97.7,87.4,47.9,74.3,71.5,6.5,64.9
STU0884,19,Female,9.0,94.1,52.8,83.6,40.5,45.8,7.8,55.0
STU0885,19,Female,1.0,79.2,78.2,48.1,55.5,48.5,7.7,50.4
STU0886,17,Female,1.4,91.7,74.6,95.1,64.4,36.5,5.6,59.8
STU0887,19,Male,6.4,82.1,87.5,83.6,67.6,78.4,5.0,73.9
STU0888,22,Male,9.2,53.9,47.3,72.9,57.9,83.6,8.0,59.6
STU0889,20,Male,3.1,87.0,93.8,69.3,42.0,82.8,5.4,63.8
STU0890,20,Male,5.2,54.7,72.0,52.2,75.4,42.7,5.3,55.5
STU0891,17,Female,5.1,79.7,94.8,61.0,71.4,89.2,5.0,76.4
STU0892,19,Male,5.3,85.1,90.1,92.8,57.0,75.3,6.7,70.3
STU0893,19,Male,6.6,53.3,52.2,94.7,42.3,88.9,7.0,58.3
STU0894,19,Female,5.2,61.5,43.1,45.0,99.7,61.8,7.6,55.3
STU0895,21,Female,5.0,95.8,54.1,77.7,68.9,61.2,6.2,61.3
STU0896,18,Female,5.3,80.8,69.0,84.6,85.4,82.1,7.8,79.5
STU0897,21,Male,6.3,62.3,49.4,79.0,67.1,40.6,5.7,52.4
STU0898,18,Male,5.8,84.5,49.2,49.5,42.6,66.3,8.3,53.4
STU0899,19,Male,8.7,79.8,65.4,57.0,58.6,85.2,7.3,60.7
STU0900,19,Female,1.4,75.1,41.8,58.8,59.2,84.8,7.3,53.3
STU0901,21,Female,8.5,98.8,46.7,90.7,90.3,92.4,5.8,69.4
STU0902,21,Male,8.6,84.2,62.9,70.5,79.3,76.9,5.3,65.7
STU0903,18,Female,3.6,68.8,43.5,71.8,56.5,47.5,6.9,47.1
STU0904,20,Female,5.2,90.0,61.8,96.4,98.1,36.2,7.5,64.8
STU0905,18,Female,4.9,94.2,66.1,80.0,59.3,63.8,5.4,55.9
STU0906,21,Male,3.0,56.3,64.8,94.4,99.9,65.8,8.8,79.0
STU0907,22,Female,4.6,60.0,87.8,70.1,99.8,49.4,8.9,74.7
STU0908,21,Female,1.4,60.8,69.2,53.2,51.5,42.5,7.2,50.3
STU0909,22,Male,3.5,84.6,65.7,96.1,58.8,70.2,8.8,64.5
STU0910,17,Male,8.4,80.2,62.6,70.2,69.2,80.9,5.7,64.4
STU0911,21,Female,3.6,80.9,85.0,55.0,79.8,94.6,5.1,69.3
STU0912,17,Female,8.4,97.0,89.2,61.6,71.7,80.5,5.2,66.5
STU0913,20,Male,5.8,88.8,86.9,47.8,98.2,82.6,7.4,75.4
STU0914,18,Male,8.9,56.4,77.0,70.8,83.4,72.0,5.2,69.2
STU0915,22,Female,6.2,67.4,47.6,91.9,52.7,94.2,8.8,64.2
STU0916,18,Female,1.3,71.8,55.2,96.3,46.3,73.4,5.6,54.5
STU0917,17,Female,7.1,69.8,42.5,96.3,81.3,86.6,6.2,67.6
STU0918,22,Female,1.4,83.5,91.2,51.9,49.5,91.7,8.3,60.6
STU0919,18,Male,5.1,94.6,76.3,66.0,87.3,90.8,5.9,74.5
STU0920,21,Female,9.4,65.3,81.0,46.6,58.7,57.9,6.0,60.2
STU0921,19,Female,2.5,77.6,57.1,92.0,59.6,39.7,7.6,60.3
STU0922,17,Male,4.5,89.5,86.5,64.7,40.6,45.3,6.1,52.6
STU0923,18,Female,7.6,70.8,54.3,79.7,82.1,38.6,5.9,55.5
STU0924,17,Male,8.9,58.4,40.1,84.3,46.8,41.3,6.0,46.9
STU0925,17,Female,7.0,73.7,60.7,68.6,86.4,46.1,7.0,58.7
STU0926,22,Female,3.3,52.8,71.4,61.9,69.5,55.5,8.9,60.5
STU0927,22,Male,7.1,97.1,66.3,97.9,87.1,67.6,8.3,68.3
STU0928,19,Male,3.7,53.7,87.4,98.0,75.0,77.7,6.1,71.0
STU0929,21,Female,7.5,71.9,45.8,60.9,44.9,47.7,6.5,44.5
STU0930,17,Female,9.6,76.5,70.5,71.4,85.9,75.4,6.9,72.1
STU0931,18,Female,7.5,99.3,68.2,98.5,44.2,77.3,8.9,61.3
STU0932,20,Male,8.8,58.3,55.5,45.3,68.7,68.5,5.7,57.7
STU0933,17,Female,1.0,55.7,85.2,67.7,50.3,89.2,6.4,66.5
STU0934,17,Male,7.5,50.4,81.4,50.5,85.1,41.7,7.9,65.8
STU0935,19,Male,8.5,57.8,80.3,73.0,94.7,45.6,8.9,66.3
STU0936,21,Female,1.4,60.4,88.2,46.4,73.2,60.7,5.6,57.2
STU0937,20,Male,8.8,81.5,79.8,67.4,71.6,42.6,5.9,63.0
STU0938,22,Female,3.3,61.0,52.8,57.1,85.8,69.0,5.9,61.2
STU0939,22,Female,7.0,51.0,78.8,74.3,40.3,58.9,5.1,58.1
STU0940,18,Female,8.2,91.3,56.9,99.8,95.1,52.1,7.4,66.5
STU0941,20,Female,7.0,68.3,53.3,89.0,51.8,45.2,7.7,56.5
STU0942,22,Female,1.8,67.7,44.0,91.5,99.0,55.1,7.4,63.4
STU0943,18,Male,6.4,65.1,80.9,79.9,84.2,71.5,5.3,73.1
STU0944,21,Male,5.9,98.8,79.1,47.3,86.5,69.5,5.3,64.3
STU0945,18,Female,9.1,58.5,52.9,56.4,79.4,44.8,5.8,55.7
STU0946,22,Female,4.6,94.9,81.2,95.9,68.3,42.5,6.2,62.2
STU0947,19,Male,3.9,88.8,90.5,65.1,74.3,36.6,8.1,63.6
STU0948,19,Male,7.7,53.8,45.9,50.7,42.8,35.7,5.6,42.6
STU0949,19,Male,4.7,99.3,52.8,83.6,77.4,87.8,5.2,67.9
STU0950,22,Male,6.8,63.6,81.3,61.5,77.6,37.7,6.6,65.5
STU0951,19,Female,6.8,54.9,55.1,59.8,93.5,78.9,6.7,66.5
STU0952,20,Female,9.0,91.5,74.4,99.9,70.3,87.3,6.8,77.7
STU0953,21,Male,6.4,85.3,44.5,92.2,44.6,40.9,8.3,50.1
STU0954,18,Female,5.5,80.9,64.9,67.4,58.4,61.2,5.4,59.9
STU0955,18,Male,2.2,57.8,80.7,98.9,79.3,92.7,7.8,74.1
STU0956,22,Female,2.0,73.9,77.8,80.8,54.4,85.0,6.4,66.6
STU0957,19,Male,2.4,89.0,84.8,85.8,56.8,64.4,6.2,62.4
STU0958,19,Female,2.5,65.2,88.3,46.7,89.2,80.8,8.7,70.7
STU0959,17,Male,6.7,65.6,82.5,51.7,75.1,85.0,6.0,68.9
STU0960,21,Male,7.7,50.2,76.9,79.8,70.5,55.9,7.6,67.6
STU0961,20,Female,5.8,58.7,41.7,94.4,59.1,88.5,6.1,64.1
STU0962,18,Male,8.5,93.8,69.4,79.3,83.9,63.2,7.0,67.1
STU0963,17,Female,9.9,72.1,42.1,52.4,57.3,66.7,8.1,47.9
STU0964,17,Female,8.4,99.2,84.4,51.4,84.2,95.0,8.5,65.7
STU0965,22,Male,7.3,69.8,57.6,91.4,44.2,85.6,8.4,62.2
STU0966,18,Female,5.8,85.8,70.9,52.7,91.9,56.7,7.3,66.9
STU0967,22,Female,5.0,64.1,55.4,73.6,70.0,35.6,6.0,54.3
STU0968,20,Female,1.8,68.2,83.0,47.0,66.3,72.6,7.6,61.3
STU0969,17,Female,4.6,59.5,88.8,49.4,76.7,77.2,7.8,67.8
STU0970,17,Female,9.2,67.4,61.9,82.0,77.5,74.0,5.0,66.3
STU0971,21,Male,8.3,77.4,87.5,82.9,47.9,93.1,6.8,70.9
STU0972,20,Female,2.9,99.6,54.7,63.8,85.4,86.8,8.4,64.4
STU0973,17,Female,5.2,83.2,69.4,56.9,56.6,61.9,7.0,53.3
STU0974,20,Female,8.4,60.0,87.2,89.8,94.3,38.8,6.2,72.1
STU0975,18,Female,1.6,52.2,57.9,56.9,89.1,63.6,8.5,60.8
STU0976,19,Female,4.5,56.3,92.5,74.8,60.8,76.4,5.6,74.9
STU0977,17,Male,8.7,78.1,46.7,98.3,88.5,71.5,5.8,66.6
STU0978,21,Female,4.6,88.3,41.0,53.1,61.4,67.3,7.7,49.9
STU0979,18,Male,1.7,97.0,89.7,96.7,46.1,63.1,6.4,65.4
STU0980,20,Male,5.9,50.8,43.8,55.1,97.7,52.6,7.9,56.5
STU0981,22,Male,8.8,76.1,94.6,76.2,79.2,51.6,5.6,71.9
STU0982,18,Male,6.3,73.5,92.3,65.7,67.4,65.0,6.0,73.7
STU0983,17,Female,3.0,82.8,47.5,98.1,63.9,44.6,5.6,55.9
STU0984,20,Male,4.5,78.0,69.6,60.0,59.5,55.4,8.8,57.6
STU0985,19,Male,5.1,84.4,50.2,67.0,98.9,54.4,6.6,56.6
STU0986,18,Female,6.2,82.9,63.5,99.1,48.1,70.2,6.3,61.5
STU0987,17,Female,7.8,55.9,43.4,74.5,58.9,39.0,5.1,54.1
STU0988,21,Female,1.9,90.0,52.3,72.6,69.1,84.8,5.6,62.0
STU0989,22,Male,9.0,56.2,60.0,59.2,68.7,68.7,6.7,60.6
STU0990,20,Female,1.1,84.9,64.1,83.6,68.3,75.2,5.3,63.2
STU0991,18,Female,4.3,70.8,93.8,45.8,50.5,77.2,7.0,62.1
STU0992,18,Male,1.2,75.7,84.4,47.7,48.7,52.5,6.8,58.4
STU0993,19,Female,4.5,95.2,80.6,78.0,55.3,63.2,8.1,59.4
STU0994,19,Female,5.7,94.5,69.5,63.8,94.9,92.4,7.6,79.8
STU0995,21,Female,5.6,90.9,86.2,97.4,46.8,81.0,6.8,65.1
STU0996,22,Female,2.5,75.5,58.7,94.7,85.4,93.2,5.9,72.5
STU0997,21,Male,6.8,86.8,79.0,84.3,85.5,79.8,7.9,72.5
STU0998,17,Female,1.4,75.6,94.7,90.0,88.6,45.5,7.8,72.3
STU0999,17,Female,7.9,93.5,57.3,81.7,93.2,38.9,5.6,60.4
STU1000,21,Male,9.5,70.1,77.1,51.9,55.8,69.7,8.7,56.2
STU1001,22,Female,4.1,98.5,86.4,87.1,53.5,56.5,5.3,60.7
STU1002,21,Male,5.7,96.6,90.4,56.6,67.9,51.5,5.2,64.0
STU1003,22,Female,4.4,87.1,79.5,62.8,55.9,83.4,5.7,63.0
STU1004,22,Male,1.1,64.0,55.6,90.1,84.1,57.0,8.6,63.0
STU1005,20,Male,4.5,56.6,57.9,74.5,78.2,54.0,7.1,61.2
STU1006,22,Male,8.1,92.7,41.1,92.3,92.5,86.0,8.2,65.8
STU1007,19,Male,6.4,58.3,81.8,56.7,45.0,85.8,5.9,62.1
STU1008,22,Female,1.9,92.7,42.4,78.4,94.9,56.4,7.0,61.3
STU1009,22,Male,8.6,74.5,87.6,49.6,57.6,84.9,6.4,64.3
STU1010,22,Female,5.8,70.3,46.5,80.4,69.4,86.0,8.3,64.7
STU1011,17,Male,8.6,95.2,49.5,86.9,66.3,60.4,5.1,64.6
STU1012,19,Male,6.2,80.2,66.2,77.2,85.6,39.0,6.0,63.1
STU1013,19,Male,6.0,78.8,80.6,59.6,65.2,35.1,5.6,55.7
STU1014,21,Female,1.9,77.9,47.6,46.7,96.6,66.4,8.4,55.4
STU1015,20,Male,2.5,68.6,64.2,51.6,94.2,55.6,6.9,54.2
STU1016,22,Female,9.7,89.3,66.6,79.2,92.3,94.8,6.6,76.4
STU1017,18,Female,3.1,62.6,51.7,96.4,44.3,81.3,6.8,56.2
STU1018,20,Female,9.8,96.9,46.4,56.4,91.3,80.7,8.9,55.7
STU1019,20,Female,5.8,94.7,86.0,85.4,86.9,92.3,8.4,78.6
STU1020,19,Female,2.2,66.9,67.6,92.7,46.2,88.3,7.8,65.7
STU1021,20,Female,1.9,86.5,40.8,73.6,46.4,54.1,6.2,49.9
STU1022,22,Female,2.9,78.7,84.2,81.8,46.1,45.0,5.7,61.6
STU1023,22,Female,9.3,66.9,93.9,89.8,40.7,79.8,8.7,71.6
STU1024,17,Female,4.7,99.4,73.3,59.3,72.9,57.7,6.7,63.4
STU1025,22,Male,4.6,51.3,67.7,61.3,98.4,63.4,6.1,62.8
STU1026,22,Male,3.8,62.6,88.3,45.0,66.3,72.8,6.9,62.3
STU1027,19,Male,2.3,76.0,92.4,98.0,72.4,89.5,8.7,80.8
STU1028,22,Male,5.4,76.1,81.5,95.5,98.1,60.1,6.5,77.0
STU1029,17,Male,2.2,79.4,64.5,87.1,55.3,82.0,7.3,63.6
STU1030,18,Female,8.5,87.6,72.6,49.3,91.5,51.1,8.2,62.5
STU1031,19,Female,4.3,81.2,78.6,69.6,72.8,76.9,6.7,68.5
STU1032,18,Female,4.4,80.0,50.7,50.6,74.2,35.1,5.9,48.8
STU1033,19,Female,5.3,52.7,64.6,45.9,60.6,87.3,9.0,56.2
STU1034,21,Female,5.0,68.8,85.6,78.9,73.7,36.8,8.8,58.6
STU1035,20,Female,10.0,61.6,76.0,97.8,44.4,77.8,8.4,66.1
STU1036,21,Female,5.9,63.3,62.6,94.7,85.9,37.8,7.8,64.7
STU1037,22,Male,1.8,77.7,76.5,83.3,57.1,51.0,6.2,60.7
STU1038,18,Male,6.5,60.0,46.5,50.3,93.3,64.8,8.7,61.8
STU1039,22,Male,2.4,64.7,62.1,60.1,62.1,60.2,6.1,58.9
STU1040,20,Male,1.3,61.9,83.6,62.6,48.6,46.5,8.2,54.8
STU1041,19,Female,9.7,97.4,52.1,87.0,81.8,55.0,8.7,63.0
STU1042,20,Female,8.0,97.2,50.2,89.1,49.9,78.7,7.4,61.5
STU1043,17,Female,9.8,80.5,92.3,66.2,85.2,75.2,8.2,75.4
STU1044,20,Male,5.3,96.2,51.5,68.0,98.1,39.3,8.2,58.3
STU1045,17,Female,5.8,89.3,54.4,47.4,86.8,79.8,5.8,63.6
STU1046,20,Female,2.5,79.5,93.3,60.9,41.3,38.2,7.7,53.4
STU1047,17,Female,3.2,50.3,80.4,69.8,76.0,67.6,5.4,66.7
STU1048,18,Male,8.5,88.6,78.5,51.4,81.7,50.6,7.0,63.0
STU1049,22,Female,4.2,85.1,86.9,69.9,89.5,70.3,5.6,71.9
STU1050,22,Male,8.4,80.8,46.4,91.9,43.4,50.7,6.7,52.5
STU1051,21,Male,7.4,88.0,78.8,77.0,68.8,94.1,8.3,73.1
STU1052,22,Male,2.6,75.6,67.7,49.3,72.1,53.6,8.9,58.4
STU1053,19,Male,5.6,85.2,85.6,55.5,50.1,49.5,6.3,58.0
STU1054,20,Female,7.1,96.8,67.9,71.1,59.3,51.7,7.1,58.2
STU1055,21,Male,3.1,68.8,74.1,64.9,66.4,88.8,7.0,58.5
STU1056,19,Male,8.5,85.4,66.3,64.7,90.0,73.2,8.8,68.7
STU1057,19,Female,5.9,73.8,66.3,74.1,95.8,78.8,6.9,73.2
STU1058,17,Female,2.5,83.7,82.2,77.1,77.7,90.1,7.8,75.6
STU1059,22,Male,6.2,88.1,74.6,88.8,63.7,89.7,8.7,68.3
STU1060,18,Female,10.0,52.3,74.8,63.8,55.2,79.3,6.5,56.3
STU1061,18,Male,2.4,82.3,64.8,89.3,98.9,46.9,8.6,70.9
STU1062,21,Male,8.4,61.3,69.2,63.6,99.0,85.6,8.7,69.5
STU1063,18,Male,2.9,83.5,81.0,48.0,95.5,47.2,8.7,67.3
STU1064,20,Male,8.0,73.4,85.4,75.5,87.1,79.6,6.1,73.6
STU1065,18,Female,7.6,88.7,78.3,77.3,59.5,76.1,6.6,63.2
STU1066,21,Male,3.7,56.2,90.8,96.4,89.0,80.5,8.5,81.9
STU1067,18,Female,3.9,81.3,85.1,84.9,64.5,67.0,6.4,70.2
STU1068,20,Female,8.1,63.9,70.9,95.5,59.6,73.3,7.4,69.3
STU1069,17,Female,5.2,92.6,76.9,95.0,84.7,92.2,5.5,80.1
STU1070,21,Female,7.6,96.4,90.9,78.3,44.8,41.1,5.2,56.8
STU1071,17,Male,2.3,99.8,74.1,74.0,42.9,53.5,6.6,50.5
STU1072,17,Female,8.7,89.8,85.4,75.7,66.9,71.7,7.3,67.7
STU1073,17,Male,7.4,87.7,77.9,98.8,66.7,92.8,6.6,72.1
STU1074,19,Female,9.2,60.8,70.4,87.5,93.7,40.7,7.3,69.3
STU1075,22,Female,2.2,66.8,53.3,50.8,47.6,36.4,7.1,45.6
STU1076,19,Male,6.3,73.3,63.4,87.8,47.4,38.3,7.7,54.4
STU1077,22,Male,6.4,88.7,93.2,54.4,48.8,38.1,7.6,55.0
STU1078,17,Male,4.2,95.7,76.2,69.6,41.8,89.5,6.7,61.0
STU1079,21,Female,5.1,59.5,71.0,56.6,44.3,78.3,6.7,59.5
STU1080,22,Female,1.3,96.1,91.3,82.9,79.6,75.6,5.6,69.1
STU1081,20,Male,7.7,84.8,72.3,93.3,65.9,66.4,7.1,64.0
STU1082,20,Male,5.9,80.5,68.9,61.0,85.8,81.9,7.3,73.6
STU1083,18,Male,1.5,60.0,81.8,49.5,99.6,44.3,6.9,60.6
STU1084,22,Male,7.1,52.8,79.2,61.4,79.5,58.5,6.3,66.3
STU1085,21,Female,5.2,78.4,50.6,82.0,43.0,64.4,7.9,55.7
STU1086,19,Male,1.3,82.6,65.9,63.1,46.3,41.6,5.3,43.4
STU1087,17,Male,9.7,60.5,66.0,60.3,92.9,60.2,8.7,60.1
STU1088,18,Male,9.5,77.8,60.8,55.1,71.6,54.0,5.1,60.1
STU1089,20,Male,5.6,92.8,68.5,72.4,89.5,37.1,8.8,59.3
STU1090,19,Female,1.8,91.8,62.7,60.2,91.4,43.2,6.8,56.6
STU1091,19,Male,7.8,96.4,51.0,85.2,95.7,80.8,6.7,69.5
STU1092,17,Female,5.4,68.3,62.7,49.2,97.0,36.1,6.0,54.9
STU1093,22,Male,3.7,65.9,44.0,81.5,73.3,91.1,5.0,66.0
STU1094,20,Male,5.4,87.5,71.7,58.1,60.5,40.2,6.1,50.0
STU1095,21,Female,5.7,71.6,87.0,71.9,97.7,83.0,5.4,72.1
STU1096,19,Male,6.1,54.4,79.9,60.7,72.8,88.9,7.6,72.5
STU1097,17,Female,5.0,64.1,59.8,84.8,43.9,91.5,6.3,58.5
STU1098,21,Female,6.5,70.9,44.8,97.0,78.6,87.0,8.1,66.4
STU1099,22,Male,9.3,64.6,51.1,95.4,75.3,52.3,5.8,65.0
STU1100,20,Female,4.3,66.6,70.0,77.1,93.7,55.0,8.6,68.2
STU1101,22,Female,7.5,64.7,51.4,70.4,79.2,60.6,7.1,63.3
STU1102,19,Female,9.1,52.1,69.9,90.0,60.9,43.4,5.5,63.3
STU1103,21,Female,5.1,81.9,52.7,82.6,98.0,36.3,6.6,60.9
STU1104,21,Female,5.0,79.9,86.7,55.1,88.1,87.1,5.8,76.0
STU1105,21,Female,6.4,82.7,61.8,90.2,77.8,68.2,5.8,68.0
STU1106,19,Female,6.3,59.6,53.5,68.6,57.6,71.5,7.0,54.9
STU1107,19,Female,8.3,64.8,84.7,55.4,62.4,90.6,7.7,68.1
STU1108,22,Male,5.3,81.0,58.9,60.5,80.2,74.9,8.6,58.7
STU1109,18,Male,10.0,80.0,46.1,59.7,44.3,76.5,7.0,53.8
STU1110,22,Female,1.5,75.3,71.4,73.6,55.4,82.2,8.9,65.2
STU1111,20,Male,1.0,67.5,72.0,57.9,82.8,42.0,8.8,59.2
STU1112,17,Female,6.8,95.6,79.3,51.8,68.8,56.6,8.5,54.0
STU1113,21,Female,3.7,67.0,53.2,51.8,64.1,93.1,7.0,62.3
STU1114,18,Male,3.2,72.8,64.4,77.1,49.1,90.4,5.6,63.7
STU1115,17,Female,3.8,83.9,55.5,85.4,66.5,88.0,5.9,65.7
STU1116,18,Female,3.3,77.2,44.5,62.7,86.2,62.1,7.6,57.6
STU1117,22,Female,1.3,67.3,88.2,46.9,55.8,86.4,6.7,61.2
STU1118,19,Female,9.7,71.8,80.1,52.0,40.3,37.9,5.6,48.5
STU1119,21,Male,3.0,89.7,56.6,95.3,80.1,43.9,6.9,64.8
STU1120,22,Female,7.6,63.9,73.0,72.1,98.4,59.8,5.1,68.8
STU1121,17,Female,7.9,57.1,51.1,69.9,76.4,64.0,7.9,59.0
STU1122,17,Female,9.4,65.7,89.0,47.1,47.2,50.8,5.3,54.7
STU1123,17,Male,1.3,92.5,46.3,85.1,59.2,56.4,7.5,54.6
STU1124,17,Female,8.8,54.4,40.2,74.0,92.1,44.8,8.2,56.3
STU1125,17,Male,5.7,99.6,67.6,56.1,54.0,64.3,5.5,54.8
STU1126,18,Male,6.7,77.1,72.1,51.1,76.5,82.6,7.1,65.9
STU1127,22,Female,6.8,99.2,71.8,66.1,64.2,74.7,8.1,60.5
STU1128,21,Female,8.4,96.9,43.0,91.0,52.5,41.5,6.0,51.1
STU1129,19,Male,4.0,72.6,57.3,92.6,88.8,64.3,5.7,74.3
STU1130,19,Female,7.6,59.9,67.5,78.2,84.6,76.9,6.3,70.0
STU1131,22,Male,5.8,58.2,51.9,85.0,79.7,66.8,7.2,61.3
STU1132,22,Male,8.1,62.0,88.0,51.3,54.2,58.5,7.3,55.6
STU1133,19,Female,9.9,85.5,44.8,77.3,45.9,72.3,5.5,50.3
STU1134,19,Female,2.8,63.6,66.8,81.7,74.6,93.1,6.8,75.6
STU1135,18,Male,10.0,67.1,78.0,56.0,73.2,40.7,6.1,61.7
STU1136,20,Male,1.8,72.4,54.4,93.4,51.3,58.4,8.4,53.2
STU1137,21,Male,1.0,95.7,74.3,55.7,43.4,59.4,6.3,53.2
STU1138,17,Male,1.4,59.5,85.6,62.2,44.8,69.6,8.4,62.8
STU1139,20,Female,4.1,50.3,50.5,79.1,99.6,44.1,6.7,62.7
STU1140,22,Female,6.7,53.0,90.4,80.1,87.0,45.6,7.9,69.0
STU1141,19,Female,1.6,95.2,70.4,83.5,95.3,52.1,7.0,75.5
STU1142,20,Female,1.1,82.4,56.5,51.2,51.7,92.4,7.5,50.2
STU1143,21,Female,9.4,63.7,63.7,91.7,97.6,79.0,6.6,83.8
STU1144,22,Male,8.4,58.9,57.2,74.3,48.6,74.7,8.1,57.7
STU1145,17,Female,8.3,64.7,79.9,70.9,70.5,84.0,6.7,73.7
STU1146,17,Female,9.0,55.7,83.8,99.0,89.8,42.7,6.8,69.5
STU1147,21,Female,7.3,97.1,85.8,85.7,61.0,86.6,7.1,70.1
STU1148,21,Female,1.9,89.2,94.2,51.5,65.5,70.7,8.3,61.4
STU1149,19,Female,4.6,73.1,83.5,86.6,47.7,55.1,7.6,61.5
STU1150,17,Male,7.5,93.2,73.1,50.2,47.4,84.0,6.4,59.0
STU1151,22,Male,3.5,62.5,58.7,46.5,77.2,83.2,7.7,63.6
STU1152,20,Male,7.2,85.9,70.0,67.2,80.5,85.7,7.6,64.2
STU1153,22,Female,1.2,92.8,42.3,99.6,86.6,41.9,8.7,61.2
STU1154,18,Male,3.8,67.8,81.0,54.6,73.4,93.2,8.4,71.4
STU1155,18,Male,5.9,87.9,64.5,82.0,78.7,92.6,7.6,74.9
STU1156,21,Female,6.7,64.8,41.1,54.5,40.8,56.4,6.4,42.3
STU1157,19,Female,6.2,64.9,43.4,84.9,49.7,39.0,8.1,47.7
STU1158,18,Female,7.3,55.4,61.3,72.8,99.1,45.0,7.3,64.5
STU1159,17,Male,1.1,72.0,72.1,82.4,44.6,94.6,8.9,65.3
STU1160,22,Male,1.9,86.5,65.5,56.2,80.7,68.8,6.0,65.7
STU1161,22,Female,8.8,97.0,74.1,86.0,50.6,56.4,5.3,57.3
STU1162,21,Female,7.1,80.2,66.4,99.8,83.0,52.3,5.3,66.5
STU1163,20,Male,2.0,93.2,76.4,81.6,82.4,50.4,7.6,62.4
STU1164,21,Male,8.6,91.1,52.1,72.1,54.1,74.8,8.8,58.5
STU1165,20,Female,3.2,58.7,46.2,95.8,56.2,60.2,5.0,60.6
STU1166,21,Female,5.3,74.3,72.8,45.9,79.3,92.9,7.9,62.3
STU1167,21,Male,2.3,55.8,66.7,85.1,63.4,76.0,7.6,65.4
STU1168,21,Female,7.4,84.1,41.5,93.9,51.7,82.5,7.9,62.8
STU1169,20,Male,7.0,97.5,60.9,48.4,83.9,52.6,6.4,59.8
STU1170,20,Male,2.9,56.9,45.8,69.8,49.2,39.8,8.3,48.4
STU1171,21,Male,8.8,86.7,69.2,56.3,91.3,64.3,5.2,62.0
STU1172,18,Male,4.6,81.6,61.8,76.2,70.9,53.9,8.0,62.2
STU1173,19,Female,3.6,79.2,73.7,80.7,46.3,47.1,6.1,55.5
STU1174,19,Female,2.4,69.5,84.3,61.6,81.6,92.2,6.9,75.8
STU1175,19,Male,3.4,67.8,56.5,70.3,71.1,61.6,8.3,60.1
STU1176,20,Male,1.2,52.3,92.9,60.4,57.9,45.5,6.1,56.6
STU1177,20,Male,6.2,60.9,69.5,65.3,65.4,46.9,5.7,57.9
STU1178,18,Male,8.6,50.8,74.0,53.8,57.9,51.8,7.7,57.8
STU1179,19,Male,5.9,79.1,77.4,93.7,55.8,95.0,7.1,70.4
STU1180,19,Female,3.0,55.3,76.7,45.6,49.8,51.1,7.1,51.8
STU1181,21,Female,1.3,93.7,68.1,93.5,61.8,54.7,6.0,58.3
STU1182,20,Female,2.9,76.2,63.6,76.4,55.1,74.6,5.1,62.0
STU1183,19,Female,4.7,85.0,43.0,63.2,81.0,52.6,6.6,54.7
STU1184,22,Male,7.8,70.5,41.2,84.8,81.0,47.9,5.4,61.0
STU1185,18,Male,2.7,78.0,59.7,72.9,70.1,44.5,8.6,57.9
STU1186,22,Male,7.5,97.1,58.4,72.5,86.7,53.8,5.2,61.4
STU1187,22,Male,8.8,54.1,61.3,51.1,90.5,41.4,6.7,55.2
STU1188,18,Male,5.1,62.7,47.6,66.4,74.8,36.1,5.2,48.6
STU1189,22,Female,8.4,89.0,80.6,58.3,77.1,83.3,5.4,67.5
STU1190,19,Male,6.0,54.9,87.1,45.9,57.0,43.3,7.6,57.4
STU1191,20,Female,6.7,53.8,91.6,64.8,93.7,81.6,7.6,71.3
STU1192,18,Female,5.7,68.1,67.1,49.9,41.5,82.9,5.1,51.5
STU1193,21,Female,5.2,54.6,78.5,59.1,60.9,67.3,5.0,63.5
STU1194,22,Female,3.1,79.3,87.1,50.1,83.3,53.6,5.3,67.8
STU1195,18,Male,3.7,61.3,63.0,50.6,44.8,43.7,8.1,43.4
STU1196,17,Female,3.6,94.8,57.0,55.9,51.0,79.2,7.3,51.4
STU1197,17,Female,6.1,89.2,91.5,100.0,75.4,71.1,5.2,81.1
STU1198,20,Female,2.1,85.0,68.4,45.1,73.6,74.3,7.0,59.3
STU1199,19,Male,9.3,80.8,67.3,80.1,84.3,35.5,7.8,59.7
STU1200,20,Male,7.5,93.2,49.8,52.8,88.8,90.7,8.5,67.6
